image_path,labels
train/n02701002/n02701002_7104.JPEG,0
train/n02701002/n02701002_5513.JPEG,0
train/n02701002/n02701002_5654.JPEG,0
train/n02701002/n02701002_788.JPEG,0
train/n02701002/n02701002_3346.JPEG,0
train/n02701002/n02701002_4891.JPEG,0
train/n02701002/n02701002_4186.JPEG,0
train/n02701002/n02701002_18507.JPEG,0
train/n02701002/n02701002_1007.JPEG,0
train/n02701002/n02701002_212.JPEG,0
train/n02701002/n02701002_638.JPEG,0
train/n02701002/n02701002_4351.JPEG,0
train/n02701002/n02701002_5409.JPEG,0
train/n02701002/n02701002_13255.JPEG,0
train/n02701002/n02701002_4264.JPEG,0
train/n02701002/n02701002_16507.JPEG,0
train/n02701002/n02701002_5807.JPEG,0
train/n02701002/n02701002_11954.JPEG,0
train/n02701002/n02701002_11773.JPEG,0
train/n02701002/n02701002_5021.JPEG,0
train/n02701002/n02701002_14440.JPEG,0
train/n02701002/n02701002_4662.JPEG,0
train/n02701002/n02701002_3441.JPEG,0
train/n02701002/n02701002_5800.JPEG,0
train/n02701002/n02701002_3925.JPEG,0
train/n02701002/n02701002_3051.JPEG,0
train/n02701002/n02701002_2894.JPEG,0
train/n02701002/n02701002_5041.JPEG,0
train/n02701002/n02701002_11048.JPEG,0
train/n02701002/n02701002_14241.JPEG,0
train/n02701002/n02701002_3340.JPEG,0
train/n02701002/n02701002_11033.JPEG,0
train/n02701002/n02701002_2306.JPEG,0
train/n02701002/n02701002_4915.JPEG,0
train/n02701002/n02701002_4500.JPEG,0
train/n02701002/n02701002_676.JPEG,0
train/n02701002/n02701002_4178.JPEG,0
train/n02701002/n02701002_11738.JPEG,0
train/n02701002/n02701002_2980.JPEG,0
train/n02701002/n02701002_5013.JPEG,0
train/n02701002/n02701002_825.JPEG,0
train/n02701002/n02701002_9107.JPEG,0
train/n02701002/n02701002_6092.JPEG,0
train/n02701002/n02701002_6619.JPEG,0
train/n02701002/n02701002_1044.JPEG,0
train/n02701002/n02701002_1144.JPEG,0
train/n02701002/n02701002_1059.JPEG,0
train/n02701002/n02701002_1287.JPEG,0
train/n02701002/n02701002_6437.JPEG,0
train/n02701002/n02701002_6810.JPEG,0
train/n02701002/n02701002_17149.JPEG,0
train/n02701002/n02701002_2464.JPEG,0
train/n02701002/n02701002_4717.JPEG,0
train/n02701002/n02701002_4403.JPEG,0
train/n02701002/n02701002_1332.JPEG,0
train/n02701002/n02701002_9022.JPEG,0
train/n02701002/n02701002_3768.JPEG,0
train/n02701002/n02701002_3563.JPEG,0
train/n02701002/n02701002_1364.JPEG,0
train/n02701002/n02701002_3665.JPEG,0
train/n02701002/n02701002_2343.JPEG,0
train/n02701002/n02701002_11756.JPEG,0
train/n02701002/n02701002_6211.JPEG,0
train/n02701002/n02701002_246.JPEG,0
train/n02701002/n02701002_6393.JPEG,0
train/n02701002/n02701002_3857.JPEG,0
train/n02701002/n02701002_1204.JPEG,0
train/n02701002/n02701002_2821.JPEG,0
train/n02701002/n02701002_10324.JPEG,0
train/n02701002/n02701002_4903.JPEG,0
train/n02701002/n02701002_6954.JPEG,0
train/n02701002/n02701002_10745.JPEG,0
train/n02701002/n02701002_3542.JPEG,0
train/n02701002/n02701002_13808.JPEG,0
train/n02701002/n02701002_5016.JPEG,0
train/n02701002/n02701002_1094.JPEG,0
train/n02701002/n02701002_13263.JPEG,0
train/n02701002/n02701002_2945.JPEG,0
train/n02701002/n02701002_1482.JPEG,0
train/n02701002/n02701002_4540.JPEG,0
train/n02701002/n02701002_10648.JPEG,0
train/n02701002/n02701002_3177.JPEG,0
train/n02701002/n02701002_2553.JPEG,0
train/n02701002/n02701002_1515.JPEG,0
train/n02701002/n02701002_18725.JPEG,0
train/n02701002/n02701002_1623.JPEG,0
train/n02701002/n02701002_1760.JPEG,0
train/n02701002/n02701002_10678.JPEG,0
train/n02701002/n02701002_2422.JPEG,0
train/n02701002/n02701002_15883.JPEG,0
train/n02701002/n02701002_2449.JPEG,0
train/n02701002/n02701002_3219.JPEG,0
train/n02701002/n02701002_2863.JPEG,0
train/n02701002/n02701002_5690.JPEG,0
train/n02701002/n02701002_6492.JPEG,0
train/n02701002/n02701002_5857.JPEG,0
train/n02701002/n02701002_12714.JPEG,0
train/n02701002/n02701002_11083.JPEG,0
train/n02701002/n02701002_5174.JPEG,0
train/n02701002/n02701002_11790.JPEG,0
train/n02701002/n02701002_13688.JPEG,0
train/n02701002/n02701002_2078.JPEG,0
train/n02701002/n02701002_4299.JPEG,0
train/n02701002/n02701002_6313.JPEG,0
train/n02701002/n02701002_18685.JPEG,0
train/n02701002/n02701002_11677.JPEG,0
train/n02701002/n02701002_276.JPEG,0
train/n02701002/n02701002_6625.JPEG,0
train/n02701002/n02701002_2454.JPEG,0
train/n02701002/n02701002_6891.JPEG,0
train/n02701002/n02701002_5271.JPEG,0
train/n02701002/n02701002_10046.JPEG,0
train/n02701002/n02701002_2728.JPEG,0
train/n02701002/n02701002_1361.JPEG,0
train/n02701002/n02701002_3335.JPEG,0
train/n02701002/n02701002_14392.JPEG,0
train/n02701002/n02701002_199.JPEG,0
train/n02701002/n02701002_2962.JPEG,0
train/n02701002/n02701002_988.JPEG,0
train/n02701002/n02701002_17140.JPEG,0
train/n02701002/n02701002_4139.JPEG,0
train/n02701002/n02701002_17168.JPEG,0
train/n02701002/n02701002_3869.JPEG,0
train/n02701002/n02701002_1117.JPEG,0
train/n02701002/n02701002_5945.JPEG,0
train/n02701002/n02701002_3664.JPEG,0
train/n02701002/n02701002_2940.JPEG,0
train/n02701002/n02701002_114.JPEG,0
train/n02701002/n02701002_5247.JPEG,0
train/n02701002/n02701002_17485.JPEG,0
train/n02701002/n02701002_15167.JPEG,0
train/n02701002/n02701002_2418.JPEG,0
train/n02701002/n02701002_10624.JPEG,0
train/n02701002/n02701002_6357.JPEG,0
train/n02701002/n02701002_13594.JPEG,0
train/n02701002/n02701002_3003.JPEG,0
train/n02701002/n02701002_6192.JPEG,0
train/n02701002/n02701002_3434.JPEG,0
train/n02701002/n02701002_8892.JPEG,0
train/n02701002/n02701002_6501.JPEG,0
train/n02701002/n02701002_1837.JPEG,0
train/n02701002/n02701002_4289.JPEG,0
train/n02701002/n02701002_4902.JPEG,0
train/n02701002/n02701002_6758.JPEG,0
train/n02701002/n02701002_4572.JPEG,0
train/n02701002/n02701002_6733.JPEG,0
train/n02701002/n02701002_37.JPEG,0
train/n02701002/n02701002_3457.JPEG,0
train/n02701002/n02701002_1987.JPEG,0
train/n02701002/n02701002_4155.JPEG,0
train/n02701002/n02701002_5455.JPEG,0
train/n02701002/n02701002_285.JPEG,0
train/n02701002/n02701002_9054.JPEG,0
train/n02701002/n02701002_5788.JPEG,0
train/n02701002/n02701002_6044.JPEG,0
train/n02701002/n02701002_14226.JPEG,0
train/n02701002/n02701002_2280.JPEG,0
train/n02701002/n02701002_5685.JPEG,0
train/n02701002/n02701002_1035.JPEG,0
train/n02701002/n02701002_11492.JPEG,0
train/n02701002/n02701002_804.JPEG,0
train/n02701002/n02701002_3690.JPEG,0
train/n02701002/n02701002_3094.JPEG,0
train/n02701002/n02701002_3173.JPEG,0
train/n02701002/n02701002_1038.JPEG,0
train/n02701002/n02701002_6025.JPEG,0
train/n02701002/n02701002_1086.JPEG,0
train/n02701002/n02701002_3463.JPEG,0
train/n02701002/n02701002_1780.JPEG,0
train/n02701002/n02701002_5523.JPEG,0
train/n02701002/n02701002_2405.JPEG,0
train/n02701002/n02701002_16707.JPEG,0
train/n02701002/n02701002_2139.JPEG,0
train/n02701002/n02701002_1279.JPEG,0
train/n02701002/n02701002_5609.JPEG,0
train/n02701002/n02701002_3372.JPEG,0
train/n02701002/n02701002_2157.JPEG,0
train/n02701002/n02701002_7081.JPEG,0
train/n02701002/n02701002_2425.JPEG,0
train/n02701002/n02701002_4062.JPEG,0
train/n02701002/n02701002_9899.JPEG,0
train/n02701002/n02701002_13690.JPEG,0
train/n02701002/n02701002_5502.JPEG,0
train/n02701002/n02701002_3251.JPEG,0
train/n02701002/n02701002_6302.JPEG,0
train/n02701002/n02701002_11595.JPEG,0
train/n02701002/n02701002_873.JPEG,0
train/n02701002/n02701002_1460.JPEG,0
train/n02701002/n02701002_16750.JPEG,0
train/n02701002/n02701002_14080.JPEG,0
train/n02701002/n02701002_16027.JPEG,0
train/n02701002/n02701002_1451.JPEG,0
train/n02701002/n02701002_5390.JPEG,0
train/n02701002/n02701002_6596.JPEG,0
train/n02701002/n02701002_3700.JPEG,0
train/n02701002/n02701002_7894.JPEG,0
train/n02701002/n02701002_3755.JPEG,0
train/n02701002/n02701002_278.JPEG,0
train/n02701002/n02701002_4796.JPEG,0
train/n02701002/n02701002_4203.JPEG,0
train/n02701002/n02701002_2177.JPEG,0
train/n02701002/n02701002_1041.JPEG,0
train/n02701002/n02701002_4032.JPEG,0
train/n02701002/n02701002_4314.JPEG,0
train/n02701002/n02701002_3993.JPEG,0
train/n02701002/n02701002_1736.JPEG,0
train/n02701002/n02701002_845.JPEG,0
train/n02701002/n02701002_1767.JPEG,0
train/n02701002/n02701002_7734.JPEG,0
train/n02701002/n02701002_6521.JPEG,0
train/n02701002/n02701002_938.JPEG,0
train/n02701002/n02701002_2968.JPEG,0
train/n02701002/n02701002_369.JPEG,0
train/n02701002/n02701002_8833.JPEG,0
train/n02701002/n02701002_3087.JPEG,0
train/n02701002/n02701002_8232.JPEG,0
train/n02701002/n02701002_2122.JPEG,0
train/n02701002/n02701002_4482.JPEG,0
train/n02701002/n02701002_4266.JPEG,0
train/n02701002/n02701002_13820.JPEG,0
train/n02701002/n02701002_5748.JPEG,0
train/n02701002/n02701002_5946.JPEG,0
train/n02701002/n02701002_4031.JPEG,0
train/n02701002/n02701002_1526.JPEG,0
train/n02701002/n02701002_6287.JPEG,0
train/n02701002/n02701002_5640.JPEG,0
train/n02701002/n02701002_14576.JPEG,0
train/n02701002/n02701002_953.JPEG,0
train/n02701002/n02701002_1776.JPEG,0
train/n02701002/n02701002_15774.JPEG,0
train/n02701002/n02701002_7898.JPEG,0
train/n02701002/n02701002_10558.JPEG,0
train/n02701002/n02701002_14871.JPEG,0
train/n02701002/n02701002_13213.JPEG,0
train/n02701002/n02701002_4426.JPEG,0
train/n02701002/n02701002_1112.JPEG,0
train/n02701002/n02701002_584.JPEG,0
train/n02701002/n02701002_4468.JPEG,0
train/n02701002/n02701002_3682.JPEG,0
train/n02701002/n02701002_14308.JPEG,0
train/n02701002/n02701002_4274.JPEG,0
train/n02701002/n02701002_4504.JPEG,0
train/n02701002/n02701002_1904.JPEG,0
train/n02701002/n02701002_3639.JPEG,0
train/n02701002/n02701002_5610.JPEG,0
train/n02701002/n02701002_3660.JPEG,0
train/n02701002/n02701002_1630.JPEG,0
train/n02701002/n02701002_1797.JPEG,0
train/n02701002/n02701002_2218.JPEG,0
train/n02701002/n02701002_1594.JPEG,0
train/n02701002/n02701002_2732.JPEG,0
train/n02701002/n02701002_3500.JPEG,0
train/n02701002/n02701002_2413.JPEG,0
train/n02701002/n02701002_10707.JPEG,0
train/n02701002/n02701002_1382.JPEG,0
train/n02701002/n02701002_681.JPEG,0
train/n02701002/n02701002_894.JPEG,0
train/n02701002/n02701002_6996.JPEG,0
train/n02701002/n02701002_1215.JPEG,0
train/n02701002/n02701002_4876.JPEG,0
train/n02701002/n02701002_1216.JPEG,0
train/n02701002/n02701002_3895.JPEG,0
train/n02701002/n02701002_11890.JPEG,0
train/n02701002/n02701002_82.JPEG,0
train/n02701002/n02701002_3798.JPEG,0
train/n02701002/n02701002_3846.JPEG,0
train/n02701002/n02701002_1393.JPEG,0
train/n02701002/n02701002_2628.JPEG,0
train/n02701002/n02701002_839.JPEG,0
train/n02701002/n02701002_4922.JPEG,0
train/n02701002/n02701002_6054.JPEG,0
train/n02701002/n02701002_316.JPEG,0
train/n02701002/n02701002_3629.JPEG,0
train/n02701002/n02701002_4930.JPEG,0
train/n02701002/n02701002_1177.JPEG,0
train/n02701002/n02701002_3231.JPEG,0
train/n02701002/n02701002_3479.JPEG,0
train/n02701002/n02701002_4604.JPEG,0
train/n02701002/n02701002_14217.JPEG,0
train/n02701002/n02701002_3310.JPEG,0
train/n02701002/n02701002_5457.JPEG,0
train/n02701002/n02701002_1508.JPEG,0
train/n02701002/n02701002_3530.JPEG,0
train/n02701002/n02701002_1737.JPEG,0
train/n02701002/n02701002_7439.JPEG,0
train/n02701002/n02701002_3862.JPEG,0
train/n02701002/n02701002_4951.JPEG,0
train/n02701002/n02701002_3615.JPEG,0
train/n02701002/n02701002_6775.JPEG,0
train/n02701002/n02701002_436.JPEG,0
train/n02701002/n02701002_17416.JPEG,0
train/n02701002/n02701002_688.JPEG,0
train/n02701002/n02701002_1511.JPEG,0
train/n02701002/n02701002_3209.JPEG,0
train/n02701002/n02701002_4984.JPEG,0
train/n02701002/n02701002_4913.JPEG,0
train/n02701002/n02701002_3132.JPEG,0
train/n02701002/n02701002_4092.JPEG,0
train/n02701002/n02701002_779.JPEG,0
train/n02701002/n02701002_6662.JPEG,0
train/n02701002/n02701002_1660.JPEG,0
train/n02701002/n02701002_3349.JPEG,0
train/n02701002/n02701002_9663.JPEG,0
train/n02701002/n02701002_16149.JPEG,0
train/n02701002/n02701002_1939.JPEG,0
train/n02701002/n02701002_3906.JPEG,0
train/n02701002/n02701002_1802.JPEG,0
train/n02701002/n02701002_1303.JPEG,0
train/n02701002/n02701002_18046.JPEG,0
train/n02701002/n02701002_3680.JPEG,0
train/n02701002/n02701002_3138.JPEG,0
train/n02701002/n02701002_11320.JPEG,0
train/n02701002/n02701002_4820.JPEG,0
train/n02701002/n02701002_15417.JPEG,0
train/n02701002/n02701002_274.JPEG,0
train/n02701002/n02701002_11927.JPEG,0
train/n02701002/n02701002_5458.JPEG,0
train/n02701002/n02701002_1695.JPEG,0
train/n02701002/n02701002_255.JPEG,0
train/n02701002/n02701002_2224.JPEG,0
train/n02701002/n02701002_13169.JPEG,0
train/n02701002/n02701002_6534.JPEG,0
train/n02701002/n02701002_5578.JPEG,0
train/n02701002/n02701002_4065.JPEG,0
train/n02701002/n02701002_6204.JPEG,0
train/n02701002/n02701002_9662.JPEG,0
train/n02701002/n02701002_2216.JPEG,0
train/n02701002/n02701002_340.JPEG,0
train/n02701002/n02701002_683.JPEG,0
train/n02701002/n02701002_12964.JPEG,0
train/n02701002/n02701002_1175.JPEG,0
train/n02701002/n02701002_1448.JPEG,0
train/n02701002/n02701002_1667.JPEG,0
train/n02701002/n02701002_9088.JPEG,0
train/n02701002/n02701002_693.JPEG,0
train/n02701002/n02701002_787.JPEG,0
train/n02701002/n02701002_4262.JPEG,0
train/n02701002/n02701002_5643.JPEG,0
train/n02701002/n02701002_6177.JPEG,0
train/n02701002/n02701002_2397.JPEG,0
train/n02701002/n02701002_1247.JPEG,0
train/n02701002/n02701002_4664.JPEG,0
train/n02701002/n02701002_5223.JPEG,0
train/n02701002/n02701002_6721.JPEG,0
train/n02701002/n02701002_4512.JPEG,0
train/n02701002/n02701002_373.JPEG,0
train/n02701002/n02701002_9738.JPEG,0
train/n02701002/n02701002_3672.JPEG,0
train/n02701002/n02701002_12561.JPEG,0
train/n02701002/n02701002_1063.JPEG,0
train/n02701002/n02701002_1195.JPEG,0
train/n02701002/n02701002_3668.JPEG,0
train/n02701002/n02701002_6405.JPEG,0
train/n02701002/n02701002_1615.JPEG,0
train/n02701002/n02701002_3950.JPEG,0
train/n02701002/n02701002_3872.JPEG,0
train/n02701002/n02701002_6757.JPEG,0
train/n02701002/n02701002_1029.JPEG,0
train/n02701002/n02701002_17492.JPEG,0
train/n02701002/n02701002_7259.JPEG,0
train/n02701002/n02701002_1748.JPEG,0
train/n02701002/n02701002_3402.JPEG,0
train/n02701002/n02701002_673.JPEG,0
train/n02701002/n02701002_802.JPEG,0
train/n02701002/n02701002_4212.JPEG,0
train/n02701002/n02701002_3735.JPEG,0
train/n02701002/n02701002_7126.JPEG,0
train/n02701002/n02701002_175.JPEG,0
train/n02701002/n02701002_4108.JPEG,0
train/n02701002/n02701002_3904.JPEG,0
train/n02701002/n02701002_18232.JPEG,0
train/n02701002/n02701002_7103.JPEG,0
train/n02701002/n02701002_5206.JPEG,0
train/n02701002/n02701002_1076.JPEG,0
train/n02701002/n02701002_1091.JPEG,0
train/n02701002/n02701002_11802.JPEG,0
train/n02701002/n02701002_3324.JPEG,0
train/n02701002/n02701002_15609.JPEG,0
train/n02701002/n02701002_11614.JPEG,0
train/n02701002/n02701002_1386.JPEG,0
train/n02701002/n02701002_3549.JPEG,0
train/n02701002/n02701002_7757.JPEG,0
train/n02701002/n02701002_11647.JPEG,0
train/n02701002/n02701002_1631.JPEG,0
train/n02701002/n02701002_3225.JPEG,0
train/n02701002/n02701002_3543.JPEG,0
train/n02701002/n02701002_6835.JPEG,0
train/n02701002/n02701002_1371.JPEG,0
train/n02701002/n02701002_128.JPEG,0
train/n02701002/n02701002_328.JPEG,0
train/n02701002/n02701002_322.JPEG,0
train/n02701002/n02701002_12944.JPEG,0
train/n02701002/n02701002_13599.JPEG,0
train/n02701002/n02701002_5023.JPEG,0
train/n02701002/n02701002_4379.JPEG,0
train/n02701002/n02701002_16281.JPEG,0
train/n02701002/n02701002_3227.JPEG,0
train/n02701002/n02701002_1785.JPEG,0
train/n02701002/n02701002_288.JPEG,0
train/n02701002/n02701002_3827.JPEG,0
train/n02701002/n02701002_2225.JPEG,0
train/n02701002/n02701002_7057.JPEG,0
train/n02701002/n02701002_1249.JPEG,0
train/n02701002/n02701002_18607.JPEG,0
train/n02701002/n02701002_4353.JPEG,0
train/n02701002/n02701002_3016.JPEG,0
train/n02701002/n02701002_12421.JPEG,0
train/n02701002/n02701002_154.JPEG,0
train/n02701002/n02701002_4577.JPEG,0
train/n02701002/n02701002_1092.JPEG,0
train/n02701002/n02701002_4360.JPEG,0
train/n02701002/n02701002_5722.JPEG,0
train/n02701002/n02701002_1555.JPEG,0
train/n02701002/n02701002_4547.JPEG,0
train/n02701002/n02701002_1490.JPEG,0
train/n02701002/n02701002_5433.JPEG,0
train/n02701002/n02701002_550.JPEG,0
train/n02701002/n02701002_4581.JPEG,0
train/n02701002/n02701002_1617.JPEG,0
train/n02701002/n02701002_5770.JPEG,0
train/n02701002/n02701002_926.JPEG,0
train/n02701002/n02701002_3279.JPEG,0
train/n02701002/n02701002_5676.JPEG,0
train/n02701002/n02701002_3528.JPEG,0
train/n02701002/n02701002_1269.JPEG,0
train/n02701002/n02701002_1814.JPEG,0
train/n02701002/n02701002_10937.JPEG,0
train/n02701002/n02701002_11209.JPEG,0
train/n02701002/n02701002_13054.JPEG,0
train/n02701002/n02701002_4371.JPEG,0
train/n02701002/n02701002_4873.JPEG,0
train/n02701002/n02701002_5191.JPEG,0
train/n02701002/n02701002_15392.JPEG,0
train/n02701002/n02701002_17500.JPEG,0
train/n02701002/n02701002_890.JPEG,0
train/n02701002/n02701002_5711.JPEG,0
train/n02701002/n02701002_15550.JPEG,0
train/n02701002/n02701002_5727.JPEG,0
train/n02701002/n02701002_1542.JPEG,0
train/n02701002/n02701002_4311.JPEG,0
train/n02701002/n02701002_836.JPEG,0
train/n02701002/n02701002_290.JPEG,0
train/n02701002/n02701002_4121.JPEG,0
train/n02701002/n02701002_4397.JPEG,0
train/n02701002/n02701002_3514.JPEG,0
train/n02701002/n02701002_2907.JPEG,0
train/n02701002/n02701002_3165.JPEG,0
train/n02701002/n02701002_4866.JPEG,0
train/n02701002/n02701002_13980.JPEG,0
train/n02701002/n02701002_10625.JPEG,0
train/n02701002/n02701002_1270.JPEG,0
train/n02701002/n02701002_4562.JPEG,0
train/n02701002/n02701002_773.JPEG,0
train/n02701002/n02701002_944.JPEG,0
train/n02701002/n02701002_12264.JPEG,0
train/n02701002/n02701002_16062.JPEG,0
train/n02701002/n02701002_353.JPEG,0
train/n02701002/n02701002_5121.JPEG,0
train/n02701002/n02701002_6548.JPEG,0
train/n02701002/n02701002_919.JPEG,0
train/n02701002/n02701002_3517.JPEG,0
train/n02701002/n02701002_3292.JPEG,0
train/n02701002/n02701002_10888.JPEG,0
train/n02701002/n02701002_11393.JPEG,0
train/n02701002/n02701002_336.JPEG,0
train/n02701002/n02701002_6572.JPEG,0
train/n02701002/n02701002_2358.JPEG,0
train/n02701002/n02701002_12867.JPEG,0
train/n02701002/n02701002_1995.JPEG,0
train/n02701002/n02701002_2154.JPEG,0
train/n02701002/n02701002_4944.JPEG,0
train/n02701002/n02701002_6623.JPEG,0
train/n02701002/n02701002_13613.JPEG,0
train/n02701002/n02701002_1816.JPEG,0
train/n02701002/n02701002_2188.JPEG,0
train/n02701002/n02701002_4047.JPEG,0
train/n02701002/n02701002_3985.JPEG,0
train/n02701002/n02701002_6505.JPEG,0
train/n02701002/n02701002_101.JPEG,0
train/n02701002/n02701002_3049.JPEG,0
train/n02701002/n02701002_14514.JPEG,0
train/n02701002/n02701002_3762.JPEG,0
train/n02701002/n02701002_3348.JPEG,0
train/n02701002/n02701002_15727.JPEG,0
train/n02701002/n02701002_16090.JPEG,0
train/n02701002/n02701002_3155.JPEG,0
train/n02701002/n02701002_4607.JPEG,0
train/n02701002/n02701002_1777.JPEG,0
train/n02701002/n02701002_6340.JPEG,0
train/n02701002/n02701002_1447.JPEG,0
train/n02701002/n02701002_196.JPEG,0
train/n02701002/n02701002_10767.JPEG,0
train/n02701002/n02701002_4027.JPEG,0
train/n02701002/n02701002_2928.JPEG,0
train/n02701002/n02701002_4439.JPEG,0
train/n02701002/n02701002_3608.JPEG,0
train/n02701002/n02701002_3387.JPEG,0
train/n02701002/n02701002_3987.JPEG,0
train/n02701002/n02701002_1272.JPEG,0
train/n02701002/n02701002_4894.JPEG,0
train/n02701002/n02701002_1541.JPEG,0
train/n02701002/n02701002_16611.JPEG,0
train/n02701002/n02701002_16488.JPEG,0
train/n02701002/n02701002_6477.JPEG,0
train/n02701002/n02701002_5934.JPEG,0
train/n02701002/n02701002_1792.JPEG,0
train/n02701002/n02701002_17576.JPEG,0
train/n02701002/n02701002_11109.JPEG,0
train/n02701002/n02701002_5188.JPEG,0
train/n02701002/n02701002_8616.JPEG,0
train/n02701002/n02701002_4644.JPEG,0
train/n02701002/n02701002_8775.JPEG,0
train/n02701002/n02701002_1487.JPEG,0
train/n02701002/n02701002_96.JPEG,0
train/n02701002/n02701002_15420.JPEG,0
train/n02701002/n02701002_1693.JPEG,0
train/n02701002/n02701002_7131.JPEG,0
train/n02701002/n02701002_937.JPEG,0
train/n02701002/n02701002_13494.JPEG,0
train/n02701002/n02701002_8586.JPEG,0
train/n02701002/n02701002_4635.JPEG,0
train/n02701002/n02701002_1506.JPEG,0
train/n02701002/n02701002_58.JPEG,0
train/n02701002/n02701002_5105.JPEG,0
train/n02701002/n02701002_724.JPEG,0
train/n02701002/n02701002_15748.JPEG,0
train/n02701002/n02701002_4045.JPEG,0
train/n02701002/n02701002_4992.JPEG,0
train/n02701002/n02701002_5288.JPEG,0
train/n02701002/n02701002_1470.JPEG,0
train/n02701002/n02701002_6323.JPEG,0
train/n02701002/n02701002_7164.JPEG,0
train/n02701002/n02701002_10926.JPEG,0
train/n02701002/n02701002_381.JPEG,0
train/n02701002/n02701002_4223.JPEG,0
train/n02701002/n02701002_17491.JPEG,0
train/n02701002/n02701002_14209.JPEG,0
train/n02701002/n02701002_4624.JPEG,0
train/n02701002/n02701002_356.JPEG,0
train/n02701002/n02701002_14383.JPEG,0
train/n02701002/n02701002_4953.JPEG,0
train/n02701002/n02701002_2832.JPEG,0
train/n02701002/n02701002_4129.JPEG,0
train/n02701002/n02701002_891.JPEG,0
train/n02701002/n02701002_4937.JPEG,0
train/n02701002/n02701002_15898.JPEG,0
train/n02701002/n02701002_502.JPEG,0
train/n02701002/n02701002_728.JPEG,0
train/n02701002/n02701002_2221.JPEG,0
train/n02701002/n02701002_7345.JPEG,0
train/n02701002/n02701002_2164.JPEG,0
train/n02701002/n02701002_4128.JPEG,0
train/n02701002/n02701002_7182.JPEG,0
train/n02701002/n02701002_17717.JPEG,0
train/n02701002/n02701002_1107.JPEG,0
train/n02701002/n02701002_12513.JPEG,0
train/n02701002/n02701002_4158.JPEG,0
train/n02701002/n02701002_16125.JPEG,0
train/n02701002/n02701002_1955.JPEG,0
train/n02701002/n02701002_3713.JPEG,0
train/n02701002/n02701002_2636.JPEG,0
train/n02701002/n02701002_4414.JPEG,0
train/n02701002/n02701002_5017.JPEG,0
train/n02701002/n02701002_5985.JPEG,0
train/n02701002/n02701002_4392.JPEG,0
train/n02701002/n02701002_976.JPEG,0
train/n02701002/n02701002_7908.JPEG,0
train/n02701002/n02701002_3966.JPEG,0
train/n02701002/n02701002_3154.JPEG,0
train/n02701002/n02701002_1497.JPEG,0
train/n02701002/n02701002_3032.JPEG,0
train/n02701002/n02701002_703.JPEG,0
train/n02701002/n02701002_1971.JPEG,0
train/n02701002/n02701002_121.JPEG,0
train/n02701002/n02701002_3934.JPEG,0
train/n02701002/n02701002_14965.JPEG,0
train/n02701002/n02701002_2201.JPEG,0
train/n02701002/n02701002_10422.JPEG,0
train/n02701002/n02701002_14690.JPEG,0
train/n02701002/n02701002_2936.JPEG,0
train/n02701002/n02701002_11912.JPEG,0
train/n02701002/n02701002_4740.JPEG,0
train/n02701002/n02701002_5618.JPEG,0
train/n02701002/n02701002_1286.JPEG,0
train/n02701002/n02701002_4806.JPEG,0
train/n02701002/n02701002_936.JPEG,0
train/n02701002/n02701002_1489.JPEG,0
train/n02701002/n02701002_2972.JPEG,0
train/n02701002/n02701002_803.JPEG,0
train/n02701002/n02701002_1537.JPEG,0
train/n02701002/n02701002_2297.JPEG,0
train/n02701002/n02701002_6060.JPEG,0
train/n02701002/n02701002_6167.JPEG,0
train/n02701002/n02701002_15645.JPEG,0
train/n02701002/n02701002_12278.JPEG,0
train/n02701002/n02701002_15843.JPEG,0
train/n02701002/n02701002_15197.JPEG,0
train/n02701002/n02701002_6713.JPEG,0
train/n02701002/n02701002_115.JPEG,0
train/n02701002/n02701002_789.JPEG,0
train/n02701002/n02701002_2338.JPEG,0
train/n02701002/n02701002_6198.JPEG,0
train/n02701002/n02701002_3221.JPEG,0
train/n02701002/n02701002_2118.JPEG,0
train/n02701002/n02701002_3573.JPEG,0
train/n02701002/n02701002_18146.JPEG,0
train/n02701002/n02701002_14050.JPEG,0
train/n02701002/n02701002_3789.JPEG,0
train/n02701002/n02701002_506.JPEG,0
train/n02701002/n02701002_4797.JPEG,0
train/n02701002/n02701002_17933.JPEG,0
train/n02701002/n02701002_1992.JPEG,0
train/n02701002/n02701002_4194.JPEG,0
train/n02701002/n02701002_13667.JPEG,0
train/n02701002/n02701002_6503.JPEG,0
train/n02701002/n02701002_10894.JPEG,0
train/n02701002/n02701002_4522.JPEG,0
train/n02701002/n02701002_2220.JPEG,0
train/n02701002/n02701002_4347.JPEG,0
train/n02701002/n02701002_649.JPEG,0
train/n02701002/n02701002_5138.JPEG,0
train/n02701002/n02701002_9281.JPEG,0
train/n02701002/n02701002_3156.JPEG,0
train/n02701002/n02701002_4174.JPEG,0
train/n02701002/n02701002_2616.JPEG,0
train/n02701002/n02701002_4436.JPEG,0
train/n02701002/n02701002_1468.JPEG,0
train/n02701002/n02701002_1662.JPEG,0
train/n02701002/n02701002_564.JPEG,0
train/n02701002/n02701002_7695.JPEG,0
train/n02701002/n02701002_4198.JPEG,0
train/n02701002/n02701002_3897.JPEG,0
train/n02701002/n02701002_15411.JPEG,0
train/n02701002/n02701002_3381.JPEG,0
train/n02701002/n02701002_925.JPEG,0
train/n02701002/n02701002_3167.JPEG,0
train/n02701002/n02701002_1347.JPEG,0
train/n02701002/n02701002_2883.JPEG,0
train/n02701002/n02701002_16803.JPEG,0
train/n02701002/n02701002_4474.JPEG,0
train/n02701002/n02701002_9069.JPEG,0
train/n02701002/n02701002_18480.JPEG,0
train/n02701002/n02701002_4867.JPEG,0
train/n02701002/n02701002_244.JPEG,0
train/n02701002/n02701002_4864.JPEG,0
train/n02701002/n02701002_4449.JPEG,0
train/n02701002/n02701002_5982.JPEG,0
train/n02701002/n02701002_3265.JPEG,0
train/n02701002/n02701002_5032.JPEG,0
train/n02701002/n02701002_2361.JPEG,0
train/n02701002/n02701002_1658.JPEG,0
train/n02701002/n02701002_2488.JPEG,0
train/n02701002/n02701002_1463.JPEG,0
train/n02701002/n02701002_3302.JPEG,0
train/n02701002/n02701002_2091.JPEG,0
train/n02701002/n02701002_1927.JPEG,0
train/n02701002/n02701002_3185.JPEG,0
train/n02701002/n02701002_3806.JPEG,0
train/n02701002/n02701002_4735.JPEG,0
train/n02701002/n02701002_2935.JPEG,0
train/n02701002/n02701002_1714.JPEG,0
train/n02701002/n02701002_3759.JPEG,0
train/n02701002/n02701002_10200.JPEG,0
train/n02701002/n02701002_14926.JPEG,0
train/n02701002/n02701002_12415.JPEG,0
train/n02701002/n02701002_17067.JPEG,0
train/n02701002/n02701002_3406.JPEG,0
train/n02701002/n02701002_496.JPEG,0
train/n02701002/n02701002_16435.JPEG,0
train/n02701002/n02701002_3533.JPEG,0
train/n02701002/n02701002_13027.JPEG,0
train/n02701002/n02701002_3217.JPEG,0
train/n02701002/n02701002_3940.JPEG,0
train/n02701002/n02701002_14502.JPEG,0
train/n02701002/n02701002_11433.JPEG,0
train/n02701002/n02701002_4910.JPEG,0
train/n02701002/n02701002_3884.JPEG,0
train/n02701002/n02701002_5382.JPEG,0
train/n02701002/n02701002_4074.JPEG,0
train/n02701002/n02701002_5555.JPEG,0
train/n02701002/n02701002_14582.JPEG,0
train/n02701002/n02701002_2006.JPEG,0
train/n02701002/n02701002_3391.JPEG,0
train/n02701002/n02701002_3469.JPEG,0
train/n02701002/n02701002_4229.JPEG,0
train/n02701002/n02701002_5279.JPEG,0
train/n02701002/n02701002_17786.JPEG,0
train/n02701002/n02701002_7886.JPEG,0
train/n02701002/n02701002_13949.JPEG,0
train/n02701002/n02701002_10279.JPEG,0
train/n02701002/n02701002_3644.JPEG,0
train/n02701002/n02701002_2625.JPEG,0
train/n02701002/n02701002_6933.JPEG,0
train/n02701002/n02701002_3486.JPEG,0
train/n02701002/n02701002_5904.JPEG,0
train/n02701002/n02701002_12331.JPEG,0
train/n02701002/n02701002_4700.JPEG,0
train/n02701002/n02701002_4507.JPEG,0
train/n02701002/n02701002_46.JPEG,0
train/n02701002/n02701002_1632.JPEG,0
train/n02701002/n02701002_6650.JPEG,0
train/n02701002/n02701002_2012.JPEG,0
train/n02701002/n02701002_4364.JPEG,0
train/n02701002/n02701002_2837.JPEG,0
train/n02701002/n02701002_6509.JPEG,0
train/n02701002/n02701002_15638.JPEG,0
train/n02701002/n02701002_17823.JPEG,0
train/n02701002/n02701002_15837.JPEG,0
train/n02701002/n02701002_2043.JPEG,0
train/n02701002/n02701002_2740.JPEG,0
train/n02701002/n02701002_1547.JPEG,0
train/n02701002/n02701002_8504.JPEG,0
train/n02701002/n02701002_1592.JPEG,0
train/n02701002/n02701002_6960.JPEG,0
train/n02701002/n02701002_12204.JPEG,0
train/n02701002/n02701002_1234.JPEG,0
train/n02701002/n02701002_5096.JPEG,0
train/n02701002/n02701002_5773.JPEG,0
train/n02701002/n02701002_3040.JPEG,0
train/n02701002/n02701002_5165.JPEG,0
train/n02701002/n02701002_7569.JPEG,0
train/n02701002/n02701002_5435.JPEG,0
train/n02701002/n02701002_2825.JPEG,0
train/n02701002/n02701002_2166.JPEG,0
train/n02701002/n02701002_3975.JPEG,0
train/n02701002/n02701002_1793.JPEG,0
train/n02701002/n02701002_1576.JPEG,0
train/n02701002/n02701002_1051.JPEG,0
train/n02701002/n02701002_5538.JPEG,0
train/n02701002/n02701002_2134.JPEG,0
train/n02701002/n02701002_3978.JPEG,0
train/n02701002/n02701002_913.JPEG,0
train/n02701002/n02701002_13780.JPEG,0
train/n02701002/n02701002_12796.JPEG,0
train/n02701002/n02701002_4818.JPEG,0
train/n02701002/n02701002_12025.JPEG,0
train/n02701002/n02701002_5142.JPEG,0
train/n02701002/n02701002_5162.JPEG,0
train/n02701002/n02701002_6526.JPEG,0
train/n02701002/n02701002_4996.JPEG,0
train/n02701002/n02701002_4538.JPEG,0
train/n02701002/n02701002_4701.JPEG,0
train/n02701002/n02701002_3480.JPEG,0
train/n02701002/n02701002_916.JPEG,0
train/n02701002/n02701002_11206.JPEG,0
train/n02701002/n02701002_383.JPEG,0
train/n02701002/n02701002_16407.JPEG,0
train/n02701002/n02701002_7479.JPEG,0
train/n02701002/n02701002_2327.JPEG,0
train/n02701002/n02701002_3850.JPEG,0
train/n02701002/n02701002_10452.JPEG,0
train/n02701002/n02701002_655.JPEG,0
train/n02701002/n02701002_4924.JPEG,0
train/n02701002/n02701002_6288.JPEG,0
train/n02701002/n02701002_9918.JPEG,0
train/n02701002/n02701002_6591.JPEG,0
train/n02701002/n02701002_7065.JPEG,0
train/n02701002/n02701002_302.JPEG,0
train/n02701002/n02701002_2889.JPEG,0
train/n02701002/n02701002_18242.JPEG,0
train/n02701002/n02701002_807.JPEG,0
train/n02701002/n02701002_3599.JPEG,0
train/n02701002/n02701002_3266.JPEG,0
train/n02701002/n02701002_5930.JPEG,0
train/n02701002/n02701002_6289.JPEG,0
train/n02701002/n02701002_2992.JPEG,0
train/n02701002/n02701002_3912.JPEG,0
train/n02701002/n02701002_6955.JPEG,0
train/n02701002/n02701002_18112.JPEG,0
train/n02701002/n02701002_560.JPEG,0
train/n02701002/n02701002_7326.JPEG,0
train/n02701002/n02701002_4024.JPEG,0
train/n02701002/n02701002_1533.JPEG,0
train/n02701002/n02701002_1671.JPEG,0
train/n02701002/n02701002_3927.JPEG,0
train/n02701002/n02701002_1213.JPEG,0
train/n02701002/n02701002_2758.JPEG,0
train/n02701002/n02701002_6720.JPEG,0
train/n02701002/n02701002_4287.JPEG,0
train/n02701002/n02701002_3902.JPEG,0
train/n02701002/n02701002_1811.JPEG,0
train/n02701002/n02701002_6667.JPEG,0
train/n02701002/n02701002_1146.JPEG,0
train/n02701002/n02701002_5190.JPEG,0
train/n02701002/n02701002_7573.JPEG,0
train/n02701002/n02701002_2064.JPEG,0
train/n02701002/n02701002_1724.JPEG,0
train/n02701002/n02701002_941.JPEG,0
train/n02701002/n02701002_2683.JPEG,0
train/n02701002/n02701002_7941.JPEG,0
train/n02701002/n02701002_11363.JPEG,0
train/n02701002/n02701002_5594.JPEG,0
train/n02701002/n02701002_1253.JPEG,0
train/n02701002/n02701002_4754.JPEG,0
train/n02701002/n02701002_752.JPEG,0
train/n02701002/n02701002_4010.JPEG,0
train/n02701002/n02701002_1404.JPEG,0
train/n02701002/n02701002_6532.JPEG,0
train/n02701002/n02701002_1557.JPEG,0
train/n02701002/n02701002_4830.JPEG,0
train/n02701002/n02701002_17113.JPEG,0
train/n02701002/n02701002_1020.JPEG,0
train/n02701002/n02701002_3315.JPEG,0
train/n02701002/n02701002_3673.JPEG,0
train/n02701002/n02701002_4896.JPEG,0
train/n02701002/n02701002_727.JPEG,0
train/n02701002/n02701002_686.JPEG,0
train/n02701002/n02701002_4221.JPEG,0
train/n02701002/n02701002_3601.JPEG,0
train/n02701002/n02701002_4948.JPEG,0
train/n02701002/n02701002_2478.JPEG,0
train/n02701002/n02701002_1691.JPEG,0
train/n02701002/n02701002_8018.JPEG,0
train/n02701002/n02701002_4148.JPEG,0
train/n02701002/n02701002_4219.JPEG,0
train/n02701002/n02701002_14159.JPEG,0
train/n02701002/n02701002_1789.JPEG,0
train/n02701002/n02701002_11574.JPEG,0
train/n02701002/n02701002_12310.JPEG,0
train/n02701002/n02701002_1078.JPEG,0
train/n02701002/n02701002_16688.JPEG,0
train/n02701002/n02701002_1565.JPEG,0
train/n02701002/n02701002_1588.JPEG,0
train/n02701002/n02701002_1183.JPEG,0
train/n02701002/n02701002_3102.JPEG,0
train/n02701002/n02701002_16208.JPEG,0
train/n02701002/n02701002_468.JPEG,0
train/n02701002/n02701002_5043.JPEG,0
train/n02701002/n02701002_9369.JPEG,0
train/n02701002/n02701002_3508.JPEG,0
train/n02701002/n02701002_2805.JPEG,0
train/n02701002/n02701002_4611.JPEG,0
train/n02701002/n02701002_791.JPEG,0
train/n02701002/n02701002_682.JPEG,0
train/n02701002/n02701002_1264.JPEG,0
train/n02701002/n02701002_368.JPEG,0
train/n02701002/n02701002_3136.JPEG,0
train/n02701002/n02701002_17025.JPEG,0
train/n02701002/n02701002_630.JPEG,0
train/n02701002/n02701002_4987.JPEG,0
train/n02701002/n02701002_1318.JPEG,0
train/n02701002/n02701002_2503.JPEG,0
train/n02701002/n02701002_12953.JPEG,0
train/n02701002/n02701002_2937.JPEG,0
train/n02701002/n02701002_5224.JPEG,0
train/n02701002/n02701002_3584.JPEG,0
train/n02701002/n02701002_1126.JPEG,0
train/n02701002/n02701002_15859.JPEG,0
train/n02701002/n02701002_5671.JPEG,0
train/n02701002/n02701002_5103.JPEG,0
train/n02701002/n02701002_396.JPEG,0
train/n02701002/n02701002_8194.JPEG,0
train/n02701002/n02701002_2639.JPEG,0
train/n02701002/n02701002_3907.JPEG,0
train/n02701002/n02701002_13793.JPEG,0
train/n02701002/n02701002_3361.JPEG,0
train/n02701002/n02701002_5554.JPEG,0
train/n02701002/n02701002_2194.JPEG,0
train/n02701002/n02701002_13277.JPEG,0
train/n02701002/n02701002_12971.JPEG,0
train/n02701002/n02701002_5349.JPEG,0
train/n02701002/n02701002_1455.JPEG,0
train/n02701002/n02701002_3953.JPEG,0
train/n02701002/n02701002_1818.JPEG,0
train/n02701002/n02701002_848.JPEG,0
train/n02701002/n02701002_6270.JPEG,0
train/n02701002/n02701002_3268.JPEG,0
train/n02701002/n02701002_5055.JPEG,0
train/n02701002/n02701002_11014.JPEG,0
train/n02701002/n02701002_1689.JPEG,0
train/n02701002/n02701002_805.JPEG,0
train/n02701002/n02701002_5747.JPEG,0
train/n02701002/n02701002_3744.JPEG,0
train/n02701002/n02701002_18691.JPEG,0
train/n02701002/n02701002_10365.JPEG,0
train/n02701002/n02701002_1596.JPEG,0
train/n02701002/n02701002_14530.JPEG,0
train/n02701002/n02701002_3999.JPEG,0
train/n02701002/n02701002_4678.JPEG,0
train/n02701002/n02701002_10444.JPEG,0
train/n02701002/n02701002_5014.JPEG,0
train/n02701002/n02701002_4009.JPEG,0
train/n02701002/n02701002_635.JPEG,0
train/n02701002/n02701002_5742.JPEG,0
train/n02701002/n02701002_1709.JPEG,0
train/n02701002/n02701002_1605.JPEG,0
train/n02701002/n02701002_11283.JPEG,0
train/n02701002/n02701002_5562.JPEG,0
train/n02701002/n02701002_1087.JPEG,0
train/n02701002/n02701002_15924.JPEG,0
train/n02701002/n02701002_4637.JPEG,0
train/n02701002/n02701002_13584.JPEG,0
train/n02701002/n02701002_5965.JPEG,0
train/n02701002/n02701002_7117.JPEG,0
train/n02701002/n02701002_3783.JPEG,0
train/n02701002/n02701002_1820.JPEG,0
train/n02701002/n02701002_4296.JPEG,0
train/n02701002/n02701002_2288.JPEG,0
train/n02701002/n02701002_1614.JPEG,0
train/n02701002/n02701002_4276.JPEG,0
train/n02701002/n02701002_4863.JPEG,0
train/n02701002/n02701002_421.JPEG,0
train/n02701002/n02701002_5126.JPEG,0
train/n02701002/n02701002_5586.JPEG,0
train/n02701002/n02701002_4030.JPEG,0
train/n02701002/n02701002_11489.JPEG,0
train/n02701002/n02701002_15919.JPEG,0
train/n02701002/n02701002_3694.JPEG,0
train/n02701002/n02701002_1415.JPEG,0
train/n02701002/n02701002_197.JPEG,0
train/n02701002/n02701002_14327.JPEG,0
train/n02701002/n02701002_4566.JPEG,0
train/n02701002/n02701002_124.JPEG,0
train/n02701002/n02701002_4349.JPEG,0
train/n02701002/n02701002_333.JPEG,0
train/n02701002/n02701002_5439.JPEG,0
train/n02701002/n02701002_6303.JPEG,0
train/n02701002/n02701002_6377.JPEG,0
train/n02701002/n02701002_13733.JPEG,0
train/n02701002/n02701002_10004.JPEG,0
train/n02701002/n02701002_12098.JPEG,0
train/n02701002/n02701002_4793.JPEG,0
train/n02701002/n02701002_4827.JPEG,0
train/n02701002/n02701002_2252.JPEG,0
train/n02701002/n02701002_249.JPEG,0
train/n02701002/n02701002_5598.JPEG,0
train/n02701002/n02701002_9722.JPEG,0
train/n02701002/n02701002_3201.JPEG,0
train/n02701002/n02701002_3466.JPEG,0
train/n02701002/n02701002_3200.JPEG,0
train/n02701002/n02701002_1159.JPEG,0
train/n02701002/n02701002_4340.JPEG,0
train/n02701002/n02701002_8912.JPEG,0
train/n02701002/n02701002_1886.JPEG,0
train/n02701002/n02701002_6604.JPEG,0
train/n02701002/n02701002_7445.JPEG,0
train/n02701002/n02701002_3522.JPEG,0
train/n02701002/n02701002_4909.JPEG,0
train/n02701002/n02701002_1358.JPEG,0
train/n02701002/n02701002_6779.JPEG,0
train/n02701002/n02701002_1316.JPEG,0
train/n02701002/n02701002_3326.JPEG,0
train/n02701002/n02701002_10922.JPEG,0
train/n02701002/n02701002_4234.JPEG,0
train/n02701002/n02701002_2408.JPEG,0
train/n02701002/n02701002_14013.JPEG,0
train/n02701002/n02701002_4756.JPEG,0
train/n02701002/n02701002_2693.JPEG,0
train/n02701002/n02701002_3212.JPEG,0
train/n02701002/n02701002_17119.JPEG,0
train/n02701002/n02701002_2492.JPEG,0
train/n02701002/n02701002_1.JPEG,0
train/n02701002/n02701002_4112.JPEG,0
train/n02701002/n02701002_1341.JPEG,0
train/n02701002/n02701002_11017.JPEG,0
train/n02701002/n02701002_7207.JPEG,0
train/n02701002/n02701002_3776.JPEG,0
train/n02701002/n02701002_5322.JPEG,0
train/n02701002/n02701002_3189.JPEG,0
train/n02701002/n02701002_1151.JPEG,0
train/n02701002/n02701002_1914.JPEG,0
train/n02701002/n02701002_3579.JPEG,0
train/n02701002/n02701002_6422.JPEG,0
train/n02701002/n02701002_2638.JPEG,0
train/n02701002/n02701002_12630.JPEG,0
train/n02701002/n02701002_864.JPEG,0
train/n02701002/n02701002_6514.JPEG,0
train/n02701002/n02701002_1540.JPEG,0
train/n02701002/n02701002_1622.JPEG,0
train/n02701002/n02701002_7039.JPEG,0
train/n02701002/n02701002_4955.JPEG,0
train/n02701002/n02701002_11976.JPEG,0
train/n02701002/n02701002_10497.JPEG,0
train/n02701002/n02701002_12242.JPEG,0
train/n02701002/n02701002_11786.JPEG,0
train/n02701002/n02701002_9995.JPEG,0
train/n02701002/n02701002_1499.JPEG,0
train/n02701002/n02701002_1775.JPEG,0
train/n02701002/n02701002_5564.JPEG,0
train/n02701002/n02701002_2229.JPEG,0
train/n02701002/n02701002_5180.JPEG,0
train/n02701002/n02701002_14275.JPEG,0
train/n02701002/n02701002_86.JPEG,0
train/n02701002/n02701002_3989.JPEG,0
train/n02701002/n02701002_9118.JPEG,0
train/n02701002/n02701002_1040.JPEG,0
train/n02701002/n02701002_3255.JPEG,0
train/n02701002/n02701002_3436.JPEG,0
train/n02701002/n02701002_3379.JPEG,0
train/n02701002/n02701002_9928.JPEG,0
train/n02701002/n02701002_4568.JPEG,0
train/n02701002/n02701002_62.JPEG,0
train/n02701002/n02701002_5284.JPEG,0
train/n02701002/n02701002_1459.JPEG,0
train/n02701002/n02701002_3269.JPEG,0
train/n02701002/n02701002_6344.JPEG,0
train/n02701002/n02701002_2097.JPEG,0
train/n02701002/n02701002_10253.JPEG,0
train/n02701002/n02701002_18064.JPEG,0
train/n02701002/n02701002_2140.JPEG,0
train/n02701002/n02701002_5302.JPEG,0
train/n02701002/n02701002_2131.JPEG,0
train/n02701002/n02701002_3428.JPEG,0
train/n02701002/n02701002_3979.JPEG,0
train/n02701002/n02701002_2227.JPEG,0
train/n02701002/n02701002_3830.JPEG,0
train/n02701002/n02701002_17620.JPEG,0
train/n02701002/n02701002_14591.JPEG,0
train/n02701002/n02701002_2311.JPEG,0
train/n02701002/n02701002_3115.JPEG,0
train/n02701002/n02701002_9949.JPEG,0
train/n02701002/n02701002_1070.JPEG,0
train/n02701002/n02701002_4433.JPEG,0
train/n02701002/n02701002_3955.JPEG,0
train/n02701002/n02701002_6028.JPEG,0
train/n02701002/n02701002_4628.JPEG,0
train/n02701002/n02701002_224.JPEG,0
train/n02701002/n02701002_4127.JPEG,0
train/n02701002/n02701002_1732.JPEG,0
train/n02701002/n02701002_5639.JPEG,0
train/n02701002/n02701002_1830.JPEG,0
train/n02701002/n02701002_15289.JPEG,0
train/n02701002/n02701002_7156.JPEG,0
train/n02701002/n02701002_3855.JPEG,0
train/n02701002/n02701002_7742.JPEG,0
train/n02701002/n02701002_4714.JPEG,0
train/n02701002/n02701002_4363.JPEG,0
train/n02701002/n02701002_3941.JPEG,0
train/n02701002/n02701002_12757.JPEG,0
train/n02701002/n02701002_3210.JPEG,0
train/n02701002/n02701002_6513.JPEG,0
train/n02701002/n02701002_5619.JPEG,0
train/n02701002/n02701002_1493.JPEG,0
train/n02701002/n02701002_539.JPEG,0
train/n02701002/n02701002_16183.JPEG,0
train/n02701002/n02701002_5616.JPEG,0
train/n02701002/n02701002_3729.JPEG,0
train/n02701002/n02701002_1619.JPEG,0
train/n02701002/n02701002_4286.JPEG,0
train/n02701002/n02701002_11882.JPEG,0
train/n02701002/n02701002_10092.JPEG,0
train/n02701002/n02701002_5419.JPEG,0
train/n02701002/n02701002_13370.JPEG,0
train/n02701002/n02701002_3409.JPEG,0
train/n02701002/n02701002_16932.JPEG,0
train/n02701002/n02701002_9268.JPEG,0
train/n02701002/n02701002_1599.JPEG,0
train/n02701002/n02701002_5084.JPEG,0
train/n02701002/n02701002_9556.JPEG,0
train/n02701002/n02701002_6402.JPEG,0
train/n02701002/n02701002_3717.JPEG,0
train/n02701002/n02701002_14541.JPEG,0
train/n02701002/n02701002_11874.JPEG,0
train/n02701002/n02701002_6416.JPEG,0
train/n02701002/n02701002_535.JPEG,0
train/n02701002/n02701002_4425.JPEG,0
train/n02701002/n02701002_390.JPEG,0
train/n02701002/n02701002_1832.JPEG,0
train/n02701002/n02701002_3031.JPEG,0
train/n02701002/n02701002_6201.JPEG,0
train/n02701002/n02701002_1343.JPEG,0
train/n02701002/n02701002_14446.JPEG,0
train/n02701002/n02701002_9900.JPEG,0
train/n02701002/n02701002_4496.JPEG,0
train/n02701002/n02701002_2019.JPEG,0
train/n02701002/n02701002_1735.JPEG,0
train/n02701002/n02701002_6241.JPEG,0
train/n02701002/n02701002_3029.JPEG,0
train/n02701002/n02701002_9426.JPEG,0
train/n02701002/n02701002_16116.JPEG,0
train/n02701002/n02701002_1182.JPEG,0
train/n02701002/n02701002_16612.JPEG,0
train/n02701002/n02701002_4241.JPEG,0
train/n02701002/n02701002_2872.JPEG,0
train/n02701002/n02701002_5836.JPEG,0
train/n02701002/n02701002_9705.JPEG,0
train/n02701002/n02701002_6396.JPEG,0
train/n02701002/n02701002_5784.JPEG,0
train/n02701002/n02701002_14816.JPEG,0
train/n02701002/n02701002_6271.JPEG,0
train/n02701002/n02701002_5217.JPEG,0
train/n02701002/n02701002_11610.JPEG,0
train/n02701002/n02701002_3646.JPEG,0
train/n02701002/n02701002_5898.JPEG,0
train/n02701002/n02701002_18162.JPEG,0
train/n02701002/n02701002_6789.JPEG,0
train/n02701002/n02701002_3553.JPEG,0
train/n02701002/n02701002_1733.JPEG,0
train/n02701002/n02701002_3572.JPEG,0
train/n02701002/n02701002_3405.JPEG,0
train/n02701002/n02701002_6343.JPEG,0
train/n02701002/n02701002_18372.JPEG,0
train/n02701002/n02701002_2565.JPEG,0
train/n02701002/n02701002_15383.JPEG,0
train/n02701002/n02701002_1252.JPEG,0
train/n02701002/n02701002_1274.JPEG,0
train/n02701002/n02701002_3112.JPEG,0
train/n02701002/n02701002_12991.JPEG,0
train/n02701002/n02701002_5258.JPEG,0
train/n02701002/n02701002_3632.JPEG,0
train/n02701002/n02701002_6762.JPEG,0
train/n02701002/n02701002_16871.JPEG,0
train/n02701002/n02701002_12429.JPEG,0
train/n02701002/n02701002_5906.JPEG,0
train/n02701002/n02701002_5241.JPEG,0
train/n02701002/n02701002_2426.JPEG,0
train/n02701002/n02701002_1440.JPEG,0
train/n02701002/n02701002_10391.JPEG,0
train/n02701002/n02701002_15923.JPEG,0
train/n02701002/n02701002_14887.JPEG,0
train/n02701002/n02701002_3158.JPEG,0
train/n02701002/n02701002_4152.JPEG,0
train/n02701002/n02701002_1384.JPEG,0
train/n02701002/n02701002_5763.JPEG,0
train/n02701002/n02701002_5541.JPEG,0
train/n02701002/n02701002_857.JPEG,0
train/n02701002/n02701002_6844.JPEG,0
train/n02701002/n02701002_2915.JPEG,0
train/n02701002/n02701002_10091.JPEG,0
train/n02701002/n02701002_2275.JPEG,0
train/n02701002/n02701002_2741.JPEG,0
train/n02701002/n02701002_1911.JPEG,0
train/n02701002/n02701002_6048.JPEG,0
train/n02701002/n02701002_10073.JPEG,0
train/n02701002/n02701002_13156.JPEG,0
train/n02701002/n02701002_8.JPEG,0
train/n02701002/n02701002_2982.JPEG,0
train/n02701002/n02701002_3863.JPEG,0
train/n02701002/n02701002_782.JPEG,0
train/n02701002/n02701002_2590.JPEG,0
train/n02701002/n02701002_18342.JPEG,0
train/n02701002/n02701002_4666.JPEG,0
train/n02701002/n02701002_847.JPEG,0
train/n02701002/n02701002_6325.JPEG,0
train/n02701002/n02701002_18366.JPEG,0
train/n02701002/n02701002_1242.JPEG,0
train/n02701002/n02701002_5645.JPEG,0
train/n02701002/n02701002_5501.JPEG,0
train/n02701002/n02701002_5028.JPEG,0
train/n02701002/n02701002_12601.JPEG,0
train/n02701002/n02701002_1428.JPEG,0
train/n02701002/n02701002_939.JPEG,0
train/n02701002/n02701002_4956.JPEG,0
train/n02701002/n02701002_4917.JPEG,0
train/n02701002/n02701002_7038.JPEG,0
train/n02701002/n02701002_9770.JPEG,0
train/n02701002/n02701002_1401.JPEG,0
train/n02701002/n02701002_1528.JPEG,0
train/n02701002/n02701002_3397.JPEG,0
train/n02701002/n02701002_5360.JPEG,0
train/n02701002/n02701002_12876.JPEG,0
train/n02701002/n02701002_4341.JPEG,0
train/n02701002/n02701002_6253.JPEG,0
train/n02701002/n02701002_2624.JPEG,0
train/n02701002/n02701002_12497.JPEG,0
train/n02701002/n02701002_3705.JPEG,0
train/n02701002/n02701002_13698.JPEG,0
train/n02701002/n02701002_6638.JPEG,0
train/n02701002/n02701002_89.JPEG,0
train/n02701002/n02701002_108.JPEG,0
train/n02701002/n02701002_3008.JPEG,0
train/n02701002/n02701002_877.JPEG,0
train/n02701002/n02701002_9285.JPEG,0
train/n02701002/n02701002_5524.JPEG,0
train/n02701002/n02701002_3118.JPEG,0
train/n02701002/n02701002_4990.JPEG,0
train/n02701002/n02701002_5989.JPEG,0
train/n02701002/n02701002_5615.JPEG,0
train/n02701002/n02701002_5841.JPEG,0
train/n02701002/n02701002_5429.JPEG,0
train/n02701002/n02701002_2187.JPEG,0
train/n02701002/n02701002_5177.JPEG,0
train/n02701002/n02701002_5406.JPEG,0
train/n02701002/n02701002_1895.JPEG,0
train/n02701002/n02701002_10333.JPEG,0
train/n02701002/n02701002_248.JPEG,0
train/n02701002/n02701002_6982.JPEG,0
train/n02701002/n02701002_785.JPEG,0
train/n02701002/n02701002_11841.JPEG,0
train/n02701002/n02701002_932.JPEG,0
train/n02701002/n02701002_18508.JPEG,0
train/n02701002/n02701002_4646.JPEG,0
train/n02701002/n02701002_5405.JPEG,0
train/n02701002/n02701002_4897.JPEG,0
train/n02701002/n02701002_17039.JPEG,0
train/n02701002/n02701002_1471.JPEG,0
train/n02701002/n02701002_4016.JPEG,0
train/n02701002/n02701002_2664.JPEG,0
train/n02701002/n02701002_4598.JPEG,0
train/n02701002/n02701002_13824.JPEG,0
train/n02701002/n02701002_1713.JPEG,0
train/n02701002/n02701002_4073.JPEG,0
train/n02701002/n02701002_3858.JPEG,0
train/n02701002/n02701002_9931.JPEG,0
train/n02701002/n02701002_4616.JPEG,0
train/n02701002/n02701002_17150.JPEG,0
train/n02701002/n02701002_3190.JPEG,0
train/n02701002/n02701002_3208.JPEG,0
train/n02701002/n02701002_2024.JPEG,0
train/n02701002/n02701002_3698.JPEG,0
train/n02701002/n02701002_1681.JPEG,0
train/n02701002/n02701002_6890.JPEG,0
train/n02701002/n02701002_4785.JPEG,0
train/n02701002/n02701002_4401.JPEG,0
train/n02701002/n02701002_12456.JPEG,0
train/n02701002/n02701002_13751.JPEG,0
train/n02701002/n02701002_16708.JPEG,0
train/n02701002/n02701002_7425.JPEG,0
train/n04065272/n04065272_33189.JPEG,1
train/n04065272/n04065272_24838.JPEG,1
train/n04065272/n04065272_1577.JPEG,1
train/n04065272/n04065272_25709.JPEG,1
train/n04065272/n04065272_12312.JPEG,1
train/n04065272/n04065272_2092.JPEG,1
train/n04065272/n04065272_1853.JPEG,1
train/n04065272/n04065272_25911.JPEG,1
train/n04065272/n04065272_6178.JPEG,1
train/n04065272/n04065272_4412.JPEG,1
train/n04065272/n04065272_19937.JPEG,1
train/n04065272/n04065272_25498.JPEG,1
train/n04065272/n04065272_15631.JPEG,1
train/n04065272/n04065272_22705.JPEG,1
train/n04065272/n04065272_22528.JPEG,1
train/n04065272/n04065272_4243.JPEG,1
train/n04065272/n04065272_6944.JPEG,1
train/n04065272/n04065272_6168.JPEG,1
train/n04065272/n04065272_29773.JPEG,1
train/n04065272/n04065272_15472.JPEG,1
train/n04065272/n04065272_9630.JPEG,1
train/n04065272/n04065272_29047.JPEG,1
train/n04065272/n04065272_5746.JPEG,1
train/n04065272/n04065272_309.JPEG,1
train/n04065272/n04065272_18849.JPEG,1
train/n04065272/n04065272_16293.JPEG,1
train/n04065272/n04065272_9482.JPEG,1
train/n04065272/n04065272_21933.JPEG,1
train/n04065272/n04065272_12902.JPEG,1
train/n04065272/n04065272_19826.JPEG,1
train/n04065272/n04065272_20629.JPEG,1
train/n04065272/n04065272_32091.JPEG,1
train/n04065272/n04065272_19909.JPEG,1
train/n04065272/n04065272_3226.JPEG,1
train/n04065272/n04065272_2910.JPEG,1
train/n04065272/n04065272_1459.JPEG,1
train/n04065272/n04065272_9234.JPEG,1
train/n04065272/n04065272_1024.JPEG,1
train/n04065272/n04065272_13248.JPEG,1
train/n04065272/n04065272_14435.JPEG,1
train/n04065272/n04065272_22337.JPEG,1
train/n04065272/n04065272_7604.JPEG,1
train/n04065272/n04065272_24766.JPEG,1
train/n04065272/n04065272_22767.JPEG,1
train/n04065272/n04065272_13572.JPEG,1
train/n04065272/n04065272_17533.JPEG,1
train/n04065272/n04065272_9948.JPEG,1
train/n04065272/n04065272_8891.JPEG,1
train/n04065272/n04065272_5737.JPEG,1
train/n04065272/n04065272_24530.JPEG,1
train/n04065272/n04065272_20165.JPEG,1
train/n04065272/n04065272_15873.JPEG,1
train/n04065272/n04065272_2466.JPEG,1
train/n04065272/n04065272_3262.JPEG,1
train/n04065272/n04065272_8828.JPEG,1
train/n04065272/n04065272_8651.JPEG,1
train/n04065272/n04065272_13748.JPEG,1
train/n04065272/n04065272_13361.JPEG,1
train/n04065272/n04065272_10592.JPEG,1
train/n04065272/n04065272_17892.JPEG,1
train/n04065272/n04065272_22016.JPEG,1
train/n04065272/n04065272_20029.JPEG,1
train/n04065272/n04065272_33950.JPEG,1
train/n04065272/n04065272_7613.JPEG,1
train/n04065272/n04065272_24522.JPEG,1
train/n04065272/n04065272_20729.JPEG,1
train/n04065272/n04065272_1926.JPEG,1
train/n04065272/n04065272_8996.JPEG,1
train/n04065272/n04065272_24654.JPEG,1
train/n04065272/n04065272_5675.JPEG,1
train/n04065272/n04065272_830.JPEG,1
train/n04065272/n04065272_1146.JPEG,1
train/n04065272/n04065272_9035.JPEG,1
train/n04065272/n04065272_17110.JPEG,1
train/n04065272/n04065272_6405.JPEG,1
train/n04065272/n04065272_22898.JPEG,1
train/n04065272/n04065272_909.JPEG,1
train/n04065272/n04065272_16227.JPEG,1
train/n04065272/n04065272_23169.JPEG,1
train/n04065272/n04065272_3210.JPEG,1
train/n04065272/n04065272_12335.JPEG,1
train/n04065272/n04065272_15824.JPEG,1
train/n04065272/n04065272_21680.JPEG,1
train/n04065272/n04065272_16050.JPEG,1
train/n04065272/n04065272_12090.JPEG,1
train/n04065272/n04065272_27011.JPEG,1
train/n04065272/n04065272_10505.JPEG,1
train/n04065272/n04065272_20986.JPEG,1
train/n04065272/n04065272_451.JPEG,1
train/n04065272/n04065272_5480.JPEG,1
train/n04065272/n04065272_13056.JPEG,1
train/n04065272/n04065272_32535.JPEG,1
train/n04065272/n04065272_25537.JPEG,1
train/n04065272/n04065272_7659.JPEG,1
train/n04065272/n04065272_18314.JPEG,1
train/n04065272/n04065272_8048.JPEG,1
train/n04065272/n04065272_19730.JPEG,1
train/n04065272/n04065272_22412.JPEG,1
train/n04065272/n04065272_7827.JPEG,1
train/n04065272/n04065272_27639.JPEG,1
train/n04065272/n04065272_12858.JPEG,1
train/n04065272/n04065272_7905.JPEG,1
train/n04065272/n04065272_22556.JPEG,1
train/n04065272/n04065272_22316.JPEG,1
train/n04065272/n04065272_2620.JPEG,1
train/n04065272/n04065272_25539.JPEG,1
train/n04065272/n04065272_4316.JPEG,1
train/n04065272/n04065272_20913.JPEG,1
train/n04065272/n04065272_21481.JPEG,1
train/n04065272/n04065272_11245.JPEG,1
train/n04065272/n04065272_24972.JPEG,1
train/n04065272/n04065272_14090.JPEG,1
train/n04065272/n04065272_12274.JPEG,1
train/n04065272/n04065272_21090.JPEG,1
train/n04065272/n04065272_18925.JPEG,1
train/n04065272/n04065272_17359.JPEG,1
train/n04065272/n04065272_551.JPEG,1
train/n04065272/n04065272_12283.JPEG,1
train/n04065272/n04065272_29702.JPEG,1
train/n04065272/n04065272_27085.JPEG,1
train/n04065272/n04065272_14760.JPEG,1
train/n04065272/n04065272_21248.JPEG,1
train/n04065272/n04065272_12674.JPEG,1
train/n04065272/n04065272_15485.JPEG,1
train/n04065272/n04065272_12538.JPEG,1
train/n04065272/n04065272_4201.JPEG,1
train/n04065272/n04065272_19725.JPEG,1
train/n04065272/n04065272_648.JPEG,1
train/n04065272/n04065272_31781.JPEG,1
train/n04065272/n04065272_4944.JPEG,1
train/n04065272/n04065272_20874.JPEG,1
train/n04065272/n04065272_28453.JPEG,1
train/n04065272/n04065272_20207.JPEG,1
train/n04065272/n04065272_19394.JPEG,1
train/n04065272/n04065272_3437.JPEG,1
train/n04065272/n04065272_5557.JPEG,1
train/n04065272/n04065272_5769.JPEG,1
train/n04065272/n04065272_19735.JPEG,1
train/n04065272/n04065272_27348.JPEG,1
train/n04065272/n04065272_1663.JPEG,1
train/n04065272/n04065272_14785.JPEG,1
train/n04065272/n04065272_4164.JPEG,1
train/n04065272/n04065272_8180.JPEG,1
train/n04065272/n04065272_4633.JPEG,1
train/n04065272/n04065272_16676.JPEG,1
train/n04065272/n04065272_9686.JPEG,1
train/n04065272/n04065272_10430.JPEG,1
train/n04065272/n04065272_8916.JPEG,1
train/n04065272/n04065272_468.JPEG,1
train/n04065272/n04065272_10681.JPEG,1
train/n04065272/n04065272_6717.JPEG,1
train/n04065272/n04065272_3025.JPEG,1
train/n04065272/n04065272_22735.JPEG,1
train/n04065272/n04065272_3070.JPEG,1
train/n04065272/n04065272_15057.JPEG,1
train/n04065272/n04065272_5584.JPEG,1
train/n04065272/n04065272_21742.JPEG,1
train/n04065272/n04065272_21617.JPEG,1
train/n04065272/n04065272_17746.JPEG,1
train/n04065272/n04065272_14290.JPEG,1
train/n04065272/n04065272_6542.JPEG,1
train/n04065272/n04065272_21379.JPEG,1
train/n04065272/n04065272_18893.JPEG,1
train/n04065272/n04065272_15767.JPEG,1
train/n04065272/n04065272_25356.JPEG,1
train/n04065272/n04065272_13467.JPEG,1
train/n04065272/n04065272_19602.JPEG,1
train/n04065272/n04065272_7252.JPEG,1
train/n04065272/n04065272_14017.JPEG,1
train/n04065272/n04065272_3931.JPEG,1
train/n04065272/n04065272_6357.JPEG,1
train/n04065272/n04065272_10053.JPEG,1
train/n04065272/n04065272_21940.JPEG,1
train/n04065272/n04065272_10531.JPEG,1
train/n04065272/n04065272_17486.JPEG,1
train/n04065272/n04065272_3514.JPEG,1
train/n04065272/n04065272_21237.JPEG,1
train/n04065272/n04065272_23057.JPEG,1
train/n04065272/n04065272_16451.JPEG,1
train/n04065272/n04065272_9082.JPEG,1
train/n04065272/n04065272_683.JPEG,1
train/n04065272/n04065272_155.JPEG,1
train/n04065272/n04065272_9922.JPEG,1
train/n04065272/n04065272_6743.JPEG,1
train/n04065272/n04065272_7971.JPEG,1
train/n04065272/n04065272_849.JPEG,1
train/n04065272/n04065272_22298.JPEG,1
train/n04065272/n04065272_10724.JPEG,1
train/n04065272/n04065272_11644.JPEG,1
train/n04065272/n04065272_13247.JPEG,1
train/n04065272/n04065272_15383.JPEG,1
train/n04065272/n04065272_9510.JPEG,1
train/n04065272/n04065272_23153.JPEG,1
train/n04065272/n04065272_15177.JPEG,1
train/n04065272/n04065272_8085.JPEG,1
train/n04065272/n04065272_20681.JPEG,1
train/n04065272/n04065272_16899.JPEG,1
train/n04065272/n04065272_10284.JPEG,1
train/n04065272/n04065272_23165.JPEG,1
train/n04065272/n04065272_15024.JPEG,1
train/n04065272/n04065272_4798.JPEG,1
train/n04065272/n04065272_12824.JPEG,1
train/n04065272/n04065272_19346.JPEG,1
train/n04065272/n04065272_8117.JPEG,1
train/n04065272/n04065272_12253.JPEG,1
train/n04065272/n04065272_17325.JPEG,1
train/n04065272/n04065272_227.JPEG,1
train/n04065272/n04065272_14821.JPEG,1
train/n04065272/n04065272_22505.JPEG,1
train/n04065272/n04065272_5837.JPEG,1
train/n04065272/n04065272_15776.JPEG,1
train/n04065272/n04065272_8681.JPEG,1
train/n04065272/n04065272_21482.JPEG,1
train/n04065272/n04065272_23488.JPEG,1
train/n04065272/n04065272_1310.JPEG,1
train/n04065272/n04065272_22330.JPEG,1
train/n04065272/n04065272_13342.JPEG,1
train/n04065272/n04065272_27309.JPEG,1
train/n04065272/n04065272_21868.JPEG,1
train/n04065272/n04065272_29128.JPEG,1
train/n04065272/n04065272_17376.JPEG,1
train/n04065272/n04065272_21004.JPEG,1
train/n04065272/n04065272_3482.JPEG,1
train/n04065272/n04065272_3306.JPEG,1
train/n04065272/n04065272_21386.JPEG,1
train/n04065272/n04065272_17253.JPEG,1
train/n04065272/n04065272_697.JPEG,1
train/n04065272/n04065272_13219.JPEG,1
train/n04065272/n04065272_15834.JPEG,1
train/n04065272/n04065272_21198.JPEG,1
train/n04065272/n04065272_25824.JPEG,1
train/n04065272/n04065272_8961.JPEG,1
train/n04065272/n04065272_16464.JPEG,1
train/n04065272/n04065272_17941.JPEG,1
train/n04065272/n04065272_6705.JPEG,1
train/n04065272/n04065272_21473.JPEG,1
train/n04065272/n04065272_4680.JPEG,1
train/n04065272/n04065272_3677.JPEG,1
train/n04065272/n04065272_28916.JPEG,1
train/n04065272/n04065272_17367.JPEG,1
train/n04065272/n04065272_10433.JPEG,1
train/n04065272/n04065272_15564.JPEG,1
train/n04065272/n04065272_5326.JPEG,1
train/n04065272/n04065272_24529.JPEG,1
train/n04065272/n04065272_29091.JPEG,1
train/n04065272/n04065272_10621.JPEG,1
train/n04065272/n04065272_22612.JPEG,1
train/n04065272/n04065272_9417.JPEG,1
train/n04065272/n04065272_26996.JPEG,1
train/n04065272/n04065272_3497.JPEG,1
train/n04065272/n04065272_503.JPEG,1
train/n04065272/n04065272_16993.JPEG,1
train/n04065272/n04065272_19237.JPEG,1
train/n04065272/n04065272_12271.JPEG,1
train/n04065272/n04065272_16654.JPEG,1
train/n04065272/n04065272_21964.JPEG,1
train/n04065272/n04065272_6205.JPEG,1
train/n04065272/n04065272_27202.JPEG,1
train/n04065272/n04065272_14891.JPEG,1
train/n04065272/n04065272_22131.JPEG,1
train/n04065272/n04065272_10163.JPEG,1
train/n04065272/n04065272_28548.JPEG,1
train/n04065272/n04065272_23966.JPEG,1
train/n04065272/n04065272_18171.JPEG,1
train/n04065272/n04065272_1978.JPEG,1
train/n04065272/n04065272_22808.JPEG,1
train/n04065272/n04065272_7323.JPEG,1
train/n04065272/n04065272_15316.JPEG,1
train/n04065272/n04065272_23032.JPEG,1
train/n04065272/n04065272_935.JPEG,1
train/n04065272/n04065272_2743.JPEG,1
train/n04065272/n04065272_2550.JPEG,1
train/n04065272/n04065272_24700.JPEG,1
train/n04065272/n04065272_12837.JPEG,1
train/n04065272/n04065272_1895.JPEG,1
train/n04065272/n04065272_16156.JPEG,1
train/n04065272/n04065272_7702.JPEG,1
train/n04065272/n04065272_18963.JPEG,1
train/n04065272/n04065272_18630.JPEG,1
train/n04065272/n04065272_19242.JPEG,1
train/n04065272/n04065272_10905.JPEG,1
train/n04065272/n04065272_2046.JPEG,1
train/n04065272/n04065272_2396.JPEG,1
train/n04065272/n04065272_16103.JPEG,1
train/n04065272/n04065272_19640.JPEG,1
train/n04065272/n04065272_28205.JPEG,1
train/n04065272/n04065272_26534.JPEG,1
train/n04065272/n04065272_6887.JPEG,1
train/n04065272/n04065272_4869.JPEG,1
train/n04065272/n04065272_21361.JPEG,1
train/n04065272/n04065272_14168.JPEG,1
train/n04065272/n04065272_12904.JPEG,1
train/n04065272/n04065272_491.JPEG,1
train/n04065272/n04065272_17181.JPEG,1
train/n04065272/n04065272_3305.JPEG,1
train/n04065272/n04065272_4978.JPEG,1
train/n04065272/n04065272_3446.JPEG,1
train/n04065272/n04065272_2893.JPEG,1
train/n04065272/n04065272_14428.JPEG,1
train/n04065272/n04065272_11379.JPEG,1
train/n04065272/n04065272_18559.JPEG,1
train/n04065272/n04065272_5550.JPEG,1
train/n04065272/n04065272_28985.JPEG,1
train/n04065272/n04065272_15445.JPEG,1
train/n04065272/n04065272_22011.JPEG,1
train/n04065272/n04065272_26212.JPEG,1
train/n04065272/n04065272_5878.JPEG,1
train/n04065272/n04065272_3149.JPEG,1
train/n04065272/n04065272_5290.JPEG,1
train/n04065272/n04065272_4718.JPEG,1
train/n04065272/n04065272_17242.JPEG,1
train/n04065272/n04065272_8616.JPEG,1
train/n04065272/n04065272_3155.JPEG,1
train/n04065272/n04065272_12678.JPEG,1
train/n04065272/n04065272_9102.JPEG,1
train/n04065272/n04065272_22515.JPEG,1
train/n04065272/n04065272_22962.JPEG,1
train/n04065272/n04065272_11704.JPEG,1
train/n04065272/n04065272_10062.JPEG,1
train/n04065272/n04065272_6144.JPEG,1
train/n04065272/n04065272_14076.JPEG,1
train/n04065272/n04065272_9343.JPEG,1
train/n04065272/n04065272_26643.JPEG,1
train/n04065272/n04065272_2410.JPEG,1
train/n04065272/n04065272_11303.JPEG,1
train/n04065272/n04065272_7368.JPEG,1
train/n04065272/n04065272_1882.JPEG,1
train/n04065272/n04065272_4747.JPEG,1
train/n04065272/n04065272_15673.JPEG,1
train/n04065272/n04065272_17682.JPEG,1
train/n04065272/n04065272_18834.JPEG,1
train/n04065272/n04065272_14024.JPEG,1
train/n04065272/n04065272_13644.JPEG,1
train/n04065272/n04065272_5228.JPEG,1
train/n04065272/n04065272_1006.JPEG,1
train/n04065272/n04065272_25342.JPEG,1
train/n04065272/n04065272_3899.JPEG,1
train/n04065272/n04065272_8773.JPEG,1
train/n04065272/n04065272_9228.JPEG,1
train/n04065272/n04065272_2694.JPEG,1
train/n04065272/n04065272_10304.JPEG,1
train/n04065272/n04065272_16280.JPEG,1
train/n04065272/n04065272_2716.JPEG,1
train/n04065272/n04065272_12301.JPEG,1
train/n04065272/n04065272_6901.JPEG,1
train/n04065272/n04065272_6947.JPEG,1
train/n04065272/n04065272_16815.JPEG,1
train/n04065272/n04065272_7500.JPEG,1
train/n04065272/n04065272_4322.JPEG,1
train/n04065272/n04065272_8355.JPEG,1
train/n04065272/n04065272_9542.JPEG,1
train/n04065272/n04065272_18077.JPEG,1
train/n04065272/n04065272_5959.JPEG,1
train/n04065272/n04065272_16272.JPEG,1
train/n04065272/n04065272_19499.JPEG,1
train/n04065272/n04065272_27967.JPEG,1
train/n04065272/n04065272_8500.JPEG,1
train/n04065272/n04065272_11186.JPEG,1
train/n04065272/n04065272_21513.JPEG,1
train/n04065272/n04065272_2268.JPEG,1
train/n04065272/n04065272_20089.JPEG,1
train/n04065272/n04065272_33719.JPEG,1
train/n04065272/n04065272_10855.JPEG,1
train/n04065272/n04065272_7762.JPEG,1
train/n04065272/n04065272_1910.JPEG,1
train/n04065272/n04065272_12926.JPEG,1
train/n04065272/n04065272_19720.JPEG,1
train/n04065272/n04065272_5214.JPEG,1
train/n04065272/n04065272_24611.JPEG,1
train/n04065272/n04065272_15016.JPEG,1
train/n04065272/n04065272_19265.JPEG,1
train/n04065272/n04065272_2171.JPEG,1
train/n04065272/n04065272_13653.JPEG,1
train/n04065272/n04065272_4534.JPEG,1
train/n04065272/n04065272_13724.JPEG,1
train/n04065272/n04065272_19678.JPEG,1
train/n04065272/n04065272_15197.JPEG,1
train/n04065272/n04065272_26579.JPEG,1
train/n04065272/n04065272_753.JPEG,1
train/n04065272/n04065272_6005.JPEG,1
train/n04065272/n04065272_63.JPEG,1
train/n04065272/n04065272_21005.JPEG,1
train/n04065272/n04065272_973.JPEG,1
train/n04065272/n04065272_34048.JPEG,1
train/n04065272/n04065272_19695.JPEG,1
train/n04065272/n04065272_2566.JPEG,1
train/n04065272/n04065272_11401.JPEG,1
train/n04065272/n04065272_4276.JPEG,1
train/n04065272/n04065272_14091.JPEG,1
train/n04065272/n04065272_10860.JPEG,1
train/n04065272/n04065272_23080.JPEG,1
train/n04065272/n04065272_14728.JPEG,1
train/n04065272/n04065272_24040.JPEG,1
train/n04065272/n04065272_20789.JPEG,1
train/n04065272/n04065272_18993.JPEG,1
train/n04065272/n04065272_5275.JPEG,1
train/n04065272/n04065272_6453.JPEG,1
train/n04065272/n04065272_12657.JPEG,1
train/n04065272/n04065272_2639.JPEG,1
train/n04065272/n04065272_12405.JPEG,1
train/n04065272/n04065272_22969.JPEG,1
train/n04065272/n04065272_9336.JPEG,1
train/n04065272/n04065272_20269.JPEG,1
train/n04065272/n04065272_22328.JPEG,1
train/n04065272/n04065272_14299.JPEG,1
train/n04065272/n04065272_1501.JPEG,1
train/n04065272/n04065272_21608.JPEG,1
train/n04065272/n04065272_23571.JPEG,1
train/n04065272/n04065272_20139.JPEG,1
train/n04065272/n04065272_16386.JPEG,1
train/n04065272/n04065272_14031.JPEG,1
train/n04065272/n04065272_14978.JPEG,1
train/n04065272/n04065272_4692.JPEG,1
train/n04065272/n04065272_18652.JPEG,1
train/n04065272/n04065272_1249.JPEG,1
train/n04065272/n04065272_17807.JPEG,1
train/n04065272/n04065272_1794.JPEG,1
train/n04065272/n04065272_212.JPEG,1
train/n04065272/n04065272_16925.JPEG,1
train/n04065272/n04065272_21681.JPEG,1
train/n04065272/n04065272_1328.JPEG,1
train/n04065272/n04065272_1230.JPEG,1
train/n04065272/n04065272_4993.JPEG,1
train/n04065272/n04065272_11972.JPEG,1
train/n04065272/n04065272_7584.JPEG,1
train/n04065272/n04065272_15935.JPEG,1
train/n04065272/n04065272_2393.JPEG,1
train/n04065272/n04065272_15917.JPEG,1
train/n04065272/n04065272_17158.JPEG,1
train/n04065272/n04065272_55.JPEG,1
train/n04065272/n04065272_25662.JPEG,1
train/n04065272/n04065272_15929.JPEG,1
train/n04065272/n04065272_18868.JPEG,1
train/n04065272/n04065272_19162.JPEG,1
train/n04065272/n04065272_15103.JPEG,1
train/n04065272/n04065272_8995.JPEG,1
train/n04065272/n04065272_6518.JPEG,1
train/n04065272/n04065272_11699.JPEG,1
train/n04065272/n04065272_4742.JPEG,1
train/n04065272/n04065272_17867.JPEG,1
train/n04065272/n04065272_3576.JPEG,1
train/n04065272/n04065272_13614.JPEG,1
train/n04065272/n04065272_22944.JPEG,1
train/n04065272/n04065272_17573.JPEG,1
train/n04065272/n04065272_11390.JPEG,1
train/n04065272/n04065272_16761.JPEG,1
train/n04065272/n04065272_19122.JPEG,1
train/n04065272/n04065272_24759.JPEG,1
train/n04065272/n04065272_19382.JPEG,1
train/n04065272/n04065272_6123.JPEG,1
train/n04065272/n04065272_5450.JPEG,1
train/n04065272/n04065272_6716.JPEG,1
train/n04065272/n04065272_4576.JPEG,1
train/n04065272/n04065272_2569.JPEG,1
train/n04065272/n04065272_20577.JPEG,1
train/n04065272/n04065272_25121.JPEG,1
train/n04065272/n04065272_2634.JPEG,1
train/n04065272/n04065272_25951.JPEG,1
train/n04065272/n04065272_14831.JPEG,1
train/n04065272/n04065272_3326.JPEG,1
train/n04065272/n04065272_5270.JPEG,1
train/n04065272/n04065272_2115.JPEG,1
train/n04065272/n04065272_11579.JPEG,1
train/n04065272/n04065272_24764.JPEG,1
train/n04065272/n04065272_19001.JPEG,1
train/n04065272/n04065272_21860.JPEG,1
train/n04065272/n04065272_729.JPEG,1
train/n04065272/n04065272_21112.JPEG,1
train/n04065272/n04065272_7832.JPEG,1
train/n04065272/n04065272_3127.JPEG,1
train/n04065272/n04065272_24556.JPEG,1
train/n04065272/n04065272_2005.JPEG,1
train/n04065272/n04065272_2422.JPEG,1
train/n04065272/n04065272_13194.JPEG,1
train/n04065272/n04065272_20493.JPEG,1
train/n04065272/n04065272_18156.JPEG,1
train/n04065272/n04065272_33264.JPEG,1
train/n04065272/n04065272_10755.JPEG,1
train/n04065272/n04065272_10094.JPEG,1
train/n04065272/n04065272_20124.JPEG,1
train/n04065272/n04065272_23840.JPEG,1
train/n04065272/n04065272_4597.JPEG,1
train/n04065272/n04065272_5106.JPEG,1
train/n04065272/n04065272_2284.JPEG,1
train/n04065272/n04065272_24582.JPEG,1
train/n04065272/n04065272_22492.JPEG,1
train/n04065272/n04065272_5942.JPEG,1
train/n04065272/n04065272_1839.JPEG,1
train/n04065272/n04065272_14833.JPEG,1
train/n04065272/n04065272_19433.JPEG,1
train/n04065272/n04065272_4547.JPEG,1
train/n04065272/n04065272_4078.JPEG,1
train/n04065272/n04065272_18027.JPEG,1
train/n04065272/n04065272_12362.JPEG,1
train/n04065272/n04065272_31966.JPEG,1
train/n04065272/n04065272_10989.JPEG,1
train/n04065272/n04065272_24519.JPEG,1
train/n04065272/n04065272_4957.JPEG,1
train/n04065272/n04065272_19614.JPEG,1
train/n04065272/n04065272_20018.JPEG,1
train/n04065272/n04065272_3248.JPEG,1
train/n04065272/n04065272_23702.JPEG,1
train/n04065272/n04065272_26944.JPEG,1
train/n04065272/n04065272_28191.JPEG,1
train/n04065272/n04065272_7453.JPEG,1
train/n04065272/n04065272_31977.JPEG,1
train/n04065272/n04065272_3572.JPEG,1
train/n04065272/n04065272_11946.JPEG,1
train/n04065272/n04065272_19412.JPEG,1
train/n04065272/n04065272_14323.JPEG,1
train/n04065272/n04065272_6364.JPEG,1
train/n04065272/n04065272_15212.JPEG,1
train/n04065272/n04065272_24993.JPEG,1
train/n04065272/n04065272_17537.JPEG,1
train/n04065272/n04065272_14511.JPEG,1
train/n04065272/n04065272_6194.JPEG,1
train/n04065272/n04065272_27458.JPEG,1
train/n04065272/n04065272_26518.JPEG,1
train/n04065272/n04065272_12404.JPEG,1
train/n04065272/n04065272_17304.JPEG,1
train/n04065272/n04065272_23598.JPEG,1
train/n04065272/n04065272_3307.JPEG,1
train/n04065272/n04065272_3128.JPEG,1
train/n04065272/n04065272_22704.JPEG,1
train/n04065272/n04065272_24194.JPEG,1
train/n04065272/n04065272_13106.JPEG,1
train/n04065272/n04065272_15123.JPEG,1
train/n04065272/n04065272_10863.JPEG,1
train/n04065272/n04065272_22632.JPEG,1
train/n04065272/n04065272_22398.JPEG,1
train/n04065272/n04065272_24297.JPEG,1
train/n04065272/n04065272_7943.JPEG,1
train/n04065272/n04065272_11382.JPEG,1
train/n04065272/n04065272_8991.JPEG,1
train/n04065272/n04065272_18635.JPEG,1
train/n04065272/n04065272_12297.JPEG,1
train/n04065272/n04065272_13982.JPEG,1
train/n04065272/n04065272_21576.JPEG,1
train/n04065272/n04065272_8387.JPEG,1
train/n04065272/n04065272_32557.JPEG,1
train/n04065272/n04065272_6777.JPEG,1
train/n04065272/n04065272_6502.JPEG,1
train/n04065272/n04065272_18766.JPEG,1
train/n04065272/n04065272_4850.JPEG,1
train/n04065272/n04065272_9308.JPEG,1
train/n04065272/n04065272_3413.JPEG,1
train/n04065272/n04065272_355.JPEG,1
train/n04065272/n04065272_10613.JPEG,1
train/n04065272/n04065272_28862.JPEG,1
train/n04065272/n04065272_11951.JPEG,1
train/n04065272/n04065272_3092.JPEG,1
train/n04065272/n04065272_12735.JPEG,1
train/n04065272/n04065272_5560.JPEG,1
train/n04065272/n04065272_16250.JPEG,1
train/n04065272/n04065272_4069.JPEG,1
train/n04065272/n04065272_485.JPEG,1
train/n04065272/n04065272_6474.JPEG,1
train/n04065272/n04065272_33473.JPEG,1
train/n04065272/n04065272_5375.JPEG,1
train/n04065272/n04065272_14026.JPEG,1
train/n04065272/n04065272_8113.JPEG,1
train/n04065272/n04065272_21960.JPEG,1
train/n04065272/n04065272_9918.JPEG,1
train/n04065272/n04065272_8724.JPEG,1
train/n04065272/n04065272_15021.JPEG,1
train/n04065272/n04065272_321.JPEG,1
train/n04065272/n04065272_6827.JPEG,1
train/n04065272/n04065272_1391.JPEG,1
train/n04065272/n04065272_19514.JPEG,1
train/n04065272/n04065272_2653.JPEG,1
train/n04065272/n04065272_27208.JPEG,1
train/n04065272/n04065272_6642.JPEG,1
train/n04065272/n04065272_14545.JPEG,1
train/n04065272/n04065272_15321.JPEG,1
train/n04065272/n04065272_24301.JPEG,1
train/n04065272/n04065272_8081.JPEG,1
train/n04065272/n04065272_17622.JPEG,1
train/n04065272/n04065272_4433.JPEG,1
train/n04065272/n04065272_23249.JPEG,1
train/n04065272/n04065272_6693.JPEG,1
train/n04065272/n04065272_7935.JPEG,1
train/n04065272/n04065272_25337.JPEG,1
train/n04065272/n04065272_19337.JPEG,1
train/n04065272/n04065272_476.JPEG,1
train/n04065272/n04065272_18052.JPEG,1
train/n04065272/n04065272_5933.JPEG,1
train/n04065272/n04065272_5000.JPEG,1
train/n04065272/n04065272_19788.JPEG,1
train/n04065272/n04065272_16275.JPEG,1
train/n04065272/n04065272_16241.JPEG,1
train/n04065272/n04065272_1174.JPEG,1
train/n04065272/n04065272_26928.JPEG,1
train/n04065272/n04065272_19099.JPEG,1
train/n04065272/n04065272_20427.JPEG,1
train/n04065272/n04065272_11117.JPEG,1
train/n04065272/n04065272_22026.JPEG,1
train/n04065272/n04065272_15911.JPEG,1
train/n04065272/n04065272_542.JPEG,1
train/n04065272/n04065272_23078.JPEG,1
train/n04065272/n04065272_16184.JPEG,1
train/n04065272/n04065272_13828.JPEG,1
train/n04065272/n04065272_18787.JPEG,1
train/n04065272/n04065272_10849.JPEG,1
train/n04065272/n04065272_11223.JPEG,1
train/n04065272/n04065272_23084.JPEG,1
train/n04065272/n04065272_1912.JPEG,1
train/n04065272/n04065272_10331.JPEG,1
train/n04065272/n04065272_3682.JPEG,1
train/n04065272/n04065272_9463.JPEG,1
train/n04065272/n04065272_16604.JPEG,1
train/n04065272/n04065272_17591.JPEG,1
train/n04065272/n04065272_12755.JPEG,1
train/n04065272/n04065272_4761.JPEG,1
train/n04065272/n04065272_5972.JPEG,1
train/n04065272/n04065272_5386.JPEG,1
train/n04065272/n04065272_15395.JPEG,1
train/n04065272/n04065272_23070.JPEG,1
train/n04065272/n04065272_22659.JPEG,1
train/n04065272/n04065272_15591.JPEG,1
train/n04065272/n04065272_19448.JPEG,1
train/n04065272/n04065272_27707.JPEG,1
train/n04065272/n04065272_7136.JPEG,1
train/n04065272/n04065272_17568.JPEG,1
train/n04065272/n04065272_5885.JPEG,1
train/n04065272/n04065272_10071.JPEG,1
train/n04065272/n04065272_22496.JPEG,1
train/n04065272/n04065272_6938.JPEG,1
train/n04065272/n04065272_180.JPEG,1
train/n04065272/n04065272_19026.JPEG,1
train/n04065272/n04065272_6356.JPEG,1
train/n04065272/n04065272_9536.JPEG,1
train/n04065272/n04065272_11244.JPEG,1
train/n04065272/n04065272_21220.JPEG,1
train/n04065272/n04065272_16326.JPEG,1
train/n04065272/n04065272_22804.JPEG,1
train/n04065272/n04065272_5620.JPEG,1
train/n04065272/n04065272_16771.JPEG,1
train/n04065272/n04065272_2479.JPEG,1
train/n04065272/n04065272_12166.JPEG,1
train/n04065272/n04065272_20994.JPEG,1
train/n04065272/n04065272_16687.JPEG,1
train/n04065272/n04065272_6249.JPEG,1
train/n04065272/n04065272_21942.JPEG,1
train/n04065272/n04065272_18102.JPEG,1
train/n04065272/n04065272_4467.JPEG,1
train/n04065272/n04065272_33450.JPEG,1
train/n04065272/n04065272_10353.JPEG,1
train/n04065272/n04065272_14362.JPEG,1
train/n04065272/n04065272_27954.JPEG,1
train/n04065272/n04065272_19880.JPEG,1
train/n04065272/n04065272_6438.JPEG,1
train/n04065272/n04065272_22643.JPEG,1
train/n04065272/n04065272_22312.JPEG,1
train/n04065272/n04065272_10366.JPEG,1
train/n04065272/n04065272_15036.JPEG,1
train/n04065272/n04065272_4303.JPEG,1
train/n04065272/n04065272_9480.JPEG,1
train/n04065272/n04065272_10488.JPEG,1
train/n04065272/n04065272_18733.JPEG,1
train/n04065272/n04065272_5248.JPEG,1
train/n04065272/n04065272_10607.JPEG,1
train/n04065272/n04065272_14999.JPEG,1
train/n04065272/n04065272_5027.JPEG,1
train/n04065272/n04065272_16465.JPEG,1
train/n04065272/n04065272_21130.JPEG,1
train/n04065272/n04065272_254.JPEG,1
train/n04065272/n04065272_6404.JPEG,1
train/n04065272/n04065272_6156.JPEG,1
train/n04065272/n04065272_13077.JPEG,1
train/n04065272/n04065272_28459.JPEG,1
train/n04065272/n04065272_11596.JPEG,1
train/n04065272/n04065272_8901.JPEG,1
train/n04065272/n04065272_21025.JPEG,1
train/n04065272/n04065272_18020.JPEG,1
train/n04065272/n04065272_5795.JPEG,1
train/n04065272/n04065272_18871.JPEG,1
train/n04065272/n04065272_8246.JPEG,1
train/n04065272/n04065272_23189.JPEG,1
train/n04065272/n04065272_33280.JPEG,1
train/n04065272/n04065272_11768.JPEG,1
train/n04065272/n04065272_5576.JPEG,1
train/n04065272/n04065272_22129.JPEG,1
train/n04065272/n04065272_12211.JPEG,1
train/n04065272/n04065272_22106.JPEG,1
train/n04065272/n04065272_20965.JPEG,1
train/n04065272/n04065272_1163.JPEG,1
train/n04065272/n04065272_20872.JPEG,1
train/n04065272/n04065272_10361.JPEG,1
train/n04065272/n04065272_8620.JPEG,1
train/n04065272/n04065272_20895.JPEG,1
train/n04065272/n04065272_21132.JPEG,1
train/n04065272/n04065272_6742.JPEG,1
train/n04065272/n04065272_19480.JPEG,1
train/n04065272/n04065272_20524.JPEG,1
train/n04065272/n04065272_4350.JPEG,1
train/n04065272/n04065272_9625.JPEG,1
train/n04065272/n04065272_12677.JPEG,1
train/n04065272/n04065272_21615.JPEG,1
train/n04065272/n04065272_33337.JPEG,1
train/n04065272/n04065272_22148.JPEG,1
train/n04065272/n04065272_26313.JPEG,1
train/n04065272/n04065272_587.JPEG,1
train/n04065272/n04065272_12444.JPEG,1
train/n04065272/n04065272_22136.JPEG,1
train/n04065272/n04065272_12095.JPEG,1
train/n04065272/n04065272_9593.JPEG,1
train/n04065272/n04065272_18045.JPEG,1
train/n04065272/n04065272_23186.JPEG,1
train/n04065272/n04065272_11440.JPEG,1
train/n04065272/n04065272_11790.JPEG,1
train/n04065272/n04065272_26767.JPEG,1
train/n04065272/n04065272_10320.JPEG,1
train/n04065272/n04065272_8266.JPEG,1
train/n04065272/n04065272_19935.JPEG,1
train/n04065272/n04065272_1527.JPEG,1
train/n04065272/n04065272_6774.JPEG,1
train/n04065272/n04065272_17281.JPEG,1
train/n04065272/n04065272_1648.JPEG,1
train/n04065272/n04065272_8881.JPEG,1
train/n04065272/n04065272_18703.JPEG,1
train/n04065272/n04065272_6009.JPEG,1
train/n04065272/n04065272_17971.JPEG,1
train/n04065272/n04065272_14008.JPEG,1
train/n04065272/n04065272_7522.JPEG,1
train/n04065272/n04065272_4405.JPEG,1
train/n04065272/n04065272_18841.JPEG,1
train/n04065272/n04065272_6734.JPEG,1
train/n04065272/n04065272_727.JPEG,1
train/n04065272/n04065272_15750.JPEG,1
train/n04065272/n04065272_2560.JPEG,1
train/n04065272/n04065272_5484.JPEG,1
train/n04065272/n04065272_17090.JPEG,1
train/n04065272/n04065272_26053.JPEG,1
train/n04065272/n04065272_7555.JPEG,1
train/n04065272/n04065272_17291.JPEG,1
train/n04065272/n04065272_18471.JPEG,1
train/n04065272/n04065272_23990.JPEG,1
train/n04065272/n04065272_16075.JPEG,1
train/n04065272/n04065272_5543.JPEG,1
train/n04065272/n04065272_21038.JPEG,1
train/n04065272/n04065272_12887.JPEG,1
train/n04065272/n04065272_22692.JPEG,1
train/n04065272/n04065272_27709.JPEG,1
train/n04065272/n04065272_14206.JPEG,1
train/n04065272/n04065272_3392.JPEG,1
train/n04065272/n04065272_19969.JPEG,1
train/n04065272/n04065272_14037.JPEG,1
train/n04065272/n04065272_10253.JPEG,1
train/n04065272/n04065272_19151.JPEG,1
train/n04065272/n04065272_17229.JPEG,1
train/n04065272/n04065272_1968.JPEG,1
train/n04065272/n04065272_22341.JPEG,1
train/n04065272/n04065272_17766.JPEG,1
train/n04065272/n04065272_22066.JPEG,1
train/n04065272/n04065272_33275.JPEG,1
train/n04065272/n04065272_10766.JPEG,1
train/n04065272/n04065272_4596.JPEG,1
train/n04065272/n04065272_571.JPEG,1
train/n04065272/n04065272_10653.JPEG,1
train/n04065272/n04065272_29402.JPEG,1
train/n04065272/n04065272_12682.JPEG,1
train/n04065272/n04065272_919.JPEG,1
train/n04065272/n04065272_1352.JPEG,1
train/n04065272/n04065272_18576.JPEG,1
train/n04065272/n04065272_8682.JPEG,1
train/n04065272/n04065272_14231.JPEG,1
train/n04065272/n04065272_21614.JPEG,1
train/n04065272/n04065272_19302.JPEG,1
train/n04065272/n04065272_6724.JPEG,1
train/n04065272/n04065272_16209.JPEG,1
train/n04065272/n04065272_19421.JPEG,1
train/n04065272/n04065272_20840.JPEG,1
train/n04065272/n04065272_7213.JPEG,1
train/n04065272/n04065272_6263.JPEG,1
train/n04065272/n04065272_3509.JPEG,1
train/n04065272/n04065272_2167.JPEG,1
train/n04065272/n04065272_11528.JPEG,1
train/n04065272/n04065272_14043.JPEG,1
train/n04065272/n04065272_8453.JPEG,1
train/n04065272/n04065272_4076.JPEG,1
train/n04065272/n04065272_1704.JPEG,1
train/n04065272/n04065272_7268.JPEG,1
train/n04065272/n04065272_24624.JPEG,1
train/n04065272/n04065272_9650.JPEG,1
train/n04065272/n04065272_19629.JPEG,1
train/n04065272/n04065272_25840.JPEG,1
train/n04065272/n04065272_14973.JPEG,1
train/n04065272/n04065272_19990.JPEG,1
train/n04065272/n04065272_12160.JPEG,1
train/n04065272/n04065272_18816.JPEG,1
train/n04065272/n04065272_3483.JPEG,1
train/n04065272/n04065272_10194.JPEG,1
train/n04065272/n04065272_9226.JPEG,1
train/n04065272/n04065272_6712.JPEG,1
train/n04065272/n04065272_21313.JPEG,1
train/n04065272/n04065272_1271.JPEG,1
train/n04065272/n04065272_13484.JPEG,1
train/n04065272/n04065272_19849.JPEG,1
train/n04065272/n04065272_23178.JPEG,1
train/n04065272/n04065272_465.JPEG,1
train/n04065272/n04065272_14532.JPEG,1
train/n04065272/n04065272_19016.JPEG,1
train/n04065272/n04065272_22202.JPEG,1
train/n04065272/n04065272_9875.JPEG,1
train/n04065272/n04065272_8125.JPEG,1
train/n04065272/n04065272_6596.JPEG,1
train/n04065272/n04065272_26115.JPEG,1
train/n04065272/n04065272_8126.JPEG,1
train/n04065272/n04065272_19818.JPEG,1
train/n04065272/n04065272_26396.JPEG,1
train/n04065272/n04065272_7243.JPEG,1
train/n04065272/n04065272_3663.JPEG,1
train/n04065272/n04065272_25791.JPEG,1
train/n04065272/n04065272_885.JPEG,1
train/n04065272/n04065272_8734.JPEG,1
train/n04065272/n04065272_17679.JPEG,1
train/n04065272/n04065272_14744.JPEG,1
train/n04065272/n04065272_2107.JPEG,1
train/n04065272/n04065272_19309.JPEG,1
train/n04065272/n04065272_2547.JPEG,1
train/n04065272/n04065272_24254.JPEG,1
train/n04065272/n04065272_15030.JPEG,1
train/n04065272/n04065272_20066.JPEG,1
train/n04065272/n04065272_21165.JPEG,1
train/n04065272/n04065272_20531.JPEG,1
train/n04065272/n04065272_13966.JPEG,1
train/n04065272/n04065272_15787.JPEG,1
train/n04065272/n04065272_4538.JPEG,1
train/n04065272/n04065272_21344.JPEG,1
train/n04065272/n04065272_14014.JPEG,1
train/n04065272/n04065272_7631.JPEG,1
train/n04065272/n04065272_19644.JPEG,1
train/n04065272/n04065272_6968.JPEG,1
train/n04065272/n04065272_17822.JPEG,1
train/n04065272/n04065272_5781.JPEG,1
train/n04065272/n04065272_4346.JPEG,1
train/n04065272/n04065272_4569.JPEG,1
train/n04065272/n04065272_20417.JPEG,1
train/n04065272/n04065272_13569.JPEG,1
train/n04065272/n04065272_15154.JPEG,1
train/n04065272/n04065272_17651.JPEG,1
train/n04065272/n04065272_12706.JPEG,1
train/n04065272/n04065272_9987.JPEG,1
train/n04065272/n04065272_11313.JPEG,1
train/n04065272/n04065272_33678.JPEG,1
train/n04065272/n04065272_22027.JPEG,1
train/n04065272/n04065272_13852.JPEG,1
train/n04065272/n04065272_2689.JPEG,1
train/n04065272/n04065272_24839.JPEG,1
train/n04065272/n04065272_1307.JPEG,1
train/n04065272/n04065272_19351.JPEG,1
train/n04065272/n04065272_17571.JPEG,1
train/n04065272/n04065272_18414.JPEG,1
train/n04065272/n04065272_11077.JPEG,1
train/n04065272/n04065272_9549.JPEG,1
train/n04065272/n04065272_10618.JPEG,1
train/n04065272/n04065272_13122.JPEG,1
train/n04065272/n04065272_8072.JPEG,1
train/n04065272/n04065272_31847.JPEG,1
train/n04065272/n04065272_19383.JPEG,1
train/n04065272/n04065272_15577.JPEG,1
train/n04065272/n04065272_19929.JPEG,1
train/n04065272/n04065272_8339.JPEG,1
train/n04065272/n04065272_23685.JPEG,1
train/n04065272/n04065272_12465.JPEG,1
train/n04065272/n04065272_19874.JPEG,1
train/n04065272/n04065272_23999.JPEG,1
train/n04065272/n04065272_24226.JPEG,1
train/n04065272/n04065272_5068.JPEG,1
train/n04065272/n04065272_20332.JPEG,1
train/n04065272/n04065272_21770.JPEG,1
train/n04065272/n04065272_17552.JPEG,1
train/n04065272/n04065272_24830.JPEG,1
train/n04065272/n04065272_11475.JPEG,1
train/n04065272/n04065272_9210.JPEG,1
train/n04065272/n04065272_2183.JPEG,1
train/n04065272/n04065272_8173.JPEG,1
train/n04065272/n04065272_3519.JPEG,1
train/n04065272/n04065272_3321.JPEG,1
train/n04065272/n04065272_20564.JPEG,1
train/n04065272/n04065272_19483.JPEG,1
train/n04065272/n04065272_10561.JPEG,1
train/n04065272/n04065272_2960.JPEG,1
train/n04065272/n04065272_28945.JPEG,1
train/n04065272/n04065272_9760.JPEG,1
train/n04065272/n04065272_2490.JPEG,1
train/n04065272/n04065272_16857.JPEG,1
train/n04065272/n04065272_25655.JPEG,1
train/n04065272/n04065272_22014.JPEG,1
train/n04065272/n04065272_11389.JPEG,1
train/n04065272/n04065272_11509.JPEG,1
train/n04065272/n04065272_24995.JPEG,1
train/n04065272/n04065272_24030.JPEG,1
train/n04065272/n04065272_16002.JPEG,1
train/n04065272/n04065272_27397.JPEG,1
train/n04065272/n04065272_2288.JPEG,1
train/n04065272/n04065272_27723.JPEG,1
train/n04065272/n04065272_8256.JPEG,1
train/n04065272/n04065272_1783.JPEG,1
train/n04065272/n04065272_525.JPEG,1
train/n04065272/n04065272_12581.JPEG,1
train/n04065272/n04065272_15816.JPEG,1
train/n04065272/n04065272_5352.JPEG,1
train/n04065272/n04065272_23003.JPEG,1
train/n04065272/n04065272_2238.JPEG,1
train/n04065272/n04065272_18872.JPEG,1
train/n04065272/n04065272_6279.JPEG,1
train/n04065272/n04065272_11497.JPEG,1
train/n04065272/n04065272_2880.JPEG,1
train/n04065272/n04065272_1136.JPEG,1
train/n04065272/n04065272_12758.JPEG,1
train/n04065272/n04065272_4321.JPEG,1
train/n04065272/n04065272_19893.JPEG,1
train/n04065272/n04065272_6561.JPEG,1
train/n04065272/n04065272_11765.JPEG,1
train/n04065272/n04065272_5317.JPEG,1
train/n04065272/n04065272_8478.JPEG,1
train/n04065272/n04065272_15288.JPEG,1
train/n04065272/n04065272_24999.JPEG,1
train/n04065272/n04065272_23291.JPEG,1
train/n04065272/n04065272_6328.JPEG,1
train/n04065272/n04065272_31824.JPEG,1
train/n04065272/n04065272_16450.JPEG,1
train/n04065272/n04065272_22150.JPEG,1
train/n04065272/n04065272_23431.JPEG,1
train/n04065272/n04065272_15744.JPEG,1
train/n04065272/n04065272_16720.JPEG,1
train/n04065272/n04065272_1132.JPEG,1
train/n04065272/n04065272_6158.JPEG,1
train/n04065272/n04065272_940.JPEG,1
train/n04065272/n04065272_12661.JPEG,1
train/n04065272/n04065272_12497.JPEG,1
train/n04065272/n04065272_18814.JPEG,1
train/n04065272/n04065272_20304.JPEG,1
train/n04065272/n04065272_11517.JPEG,1
train/n04065272/n04065272_13872.JPEG,1
train/n04065272/n04065272_6001.JPEG,1
train/n04065272/n04065272_12009.JPEG,1
train/n04065272/n04065272_19595.JPEG,1
train/n04065272/n04065272_18182.JPEG,1
train/n04065272/n04065272_19495.JPEG,1
train/n04065272/n04065272_7481.JPEG,1
train/n04065272/n04065272_3219.JPEG,1
train/n04065272/n04065272_24433.JPEG,1
train/n04065272/n04065272_16770.JPEG,1
train/n04065272/n04065272_9440.JPEG,1
train/n04065272/n04065272_32973.JPEG,1
train/n04065272/n04065272_1595.JPEG,1
train/n04065272/n04065272_10443.JPEG,1
train/n04065272/n04065272_6880.JPEG,1
train/n04065272/n04065272_15615.JPEG,1
train/n04065272/n04065272_28759.JPEG,1
train/n04065272/n04065272_4860.JPEG,1
train/n04065272/n04065272_2746.JPEG,1
train/n04065272/n04065272_20885.JPEG,1
train/n04065272/n04065272_6110.JPEG,1
train/n04065272/n04065272_19920.JPEG,1
train/n04065272/n04065272_17108.JPEG,1
train/n04065272/n04065272_6436.JPEG,1
train/n04065272/n04065272_6745.JPEG,1
train/n04065272/n04065272_21943.JPEG,1
train/n04065272/n04065272_6183.JPEG,1
train/n04065272/n04065272_17421.JPEG,1
train/n04065272/n04065272_22151.JPEG,1
train/n04065272/n04065272_26543.JPEG,1
train/n04065272/n04065272_22006.JPEG,1
train/n04065272/n04065272_22647.JPEG,1
train/n04065272/n04065272_23516.JPEG,1
train/n04065272/n04065272_20262.JPEG,1
train/n04065272/n04065272_19208.JPEG,1
train/n04065272/n04065272_14523.JPEG,1
train/n04065272/n04065272_23810.JPEG,1
train/n04065272/n04065272_14749.JPEG,1
train/n04065272/n04065272_13617.JPEG,1
train/n04065272/n04065272_7549.JPEG,1
train/n04065272/n04065272_9441.JPEG,1
train/n04065272/n04065272_23782.JPEG,1
train/n04065272/n04065272_4177.JPEG,1
train/n04065272/n04065272_718.JPEG,1
train/n04065272/n04065272_11748.JPEG,1
train/n04065272/n04065272_2608.JPEG,1
train/n04065272/n04065272_14506.JPEG,1
train/n04065272/n04065272_9797.JPEG,1
train/n04065272/n04065272_17801.JPEG,1
train/n04065272/n04065272_12541.JPEG,1
train/n04065272/n04065272_9684.JPEG,1
train/n04065272/n04065272_13806.JPEG,1
train/n04065272/n04065272_22603.JPEG,1
train/n04065272/n04065272_10475.JPEG,1
train/n04065272/n04065272_12994.JPEG,1
train/n04065272/n04065272_24052.JPEG,1
train/n04065272/n04065272_19807.JPEG,1
train/n04065272/n04065272_18577.JPEG,1
train/n04065272/n04065272_5822.JPEG,1
train/n04065272/n04065272_7742.JPEG,1
train/n04065272/n04065272_16034.JPEG,1
train/n04065272/n04065272_2535.JPEG,1
train/n04065272/n04065272_8349.JPEG,1
train/n04065272/n04065272_25278.JPEG,1
train/n04065272/n04065272_7638.JPEG,1
train/n04065272/n04065272_16249.JPEG,1
train/n04065272/n04065272_1738.JPEG,1
train/n04065272/n04065272_2739.JPEG,1
train/n04065272/n04065272_4188.JPEG,1
train/n04065272/n04065272_19625.JPEG,1
train/n04065272/n04065272_12311.JPEG,1
train/n04065272/n04065272_12807.JPEG,1
train/n04065272/n04065272_18822.JPEG,1
train/n04065272/n04065272_33704.JPEG,1
train/n04065272/n04065272_2561.JPEG,1
train/n04065272/n04065272_5487.JPEG,1
train/n04065272/n04065272_5183.JPEG,1
train/n04065272/n04065272_15536.JPEG,1
train/n04065272/n04065272_20762.JPEG,1
train/n04065272/n04065272_1031.JPEG,1
train/n04065272/n04065272_17911.JPEG,1
train/n04065272/n04065272_21273.JPEG,1
train/n04065272/n04065272_9437.JPEG,1
train/n04065272/n04065272_5381.JPEG,1
train/n04065272/n04065272_4799.JPEG,1
train/n04065272/n04065272_26201.JPEG,1
train/n04065272/n04065272_24056.JPEG,1
train/n04065272/n04065272_20777.JPEG,1
train/n04065272/n04065272_559.JPEG,1
train/n04065272/n04065272_17256.JPEG,1
train/n04065272/n04065272_17131.JPEG,1
train/n04065272/n04065272_23830.JPEG,1
train/n04065272/n04065272_14938.JPEG,1
train/n04065272/n04065272_20693.JPEG,1
train/n04065272/n04065272_21763.JPEG,1
train/n04065272/n04065272_14573.JPEG,1
train/n04065272/n04065272_3146.JPEG,1
train/n04065272/n04065272_19817.JPEG,1
train/n04065272/n04065272_21695.JPEG,1
train/n04065272/n04065272_7857.JPEG,1
train/n04065272/n04065272_1805.JPEG,1
train/n04065272/n04065272_14980.JPEG,1
train/n04065272/n04065272_23544.JPEG,1
train/n04065272/n04065272_29555.JPEG,1
train/n04065272/n04065272_9974.JPEG,1
train/n04065272/n04065272_2754.JPEG,1
train/n04065272/n04065272_32975.JPEG,1
train/n04065272/n04065272_12798.JPEG,1
train/n04065272/n04065272_26707.JPEG,1
train/n04065272/n04065272_6041.JPEG,1
train/n04065272/n04065272_1931.JPEG,1
train/n04065272/n04065272_29188.JPEG,1
train/n04065272/n04065272_28650.JPEG,1
train/n04065272/n04065272_17050.JPEG,1
train/n04065272/n04065272_16937.JPEG,1
train/n04065272/n04065272_16041.JPEG,1
train/n04065272/n04065272_18353.JPEG,1
train/n04065272/n04065272_8040.JPEG,1
train/n04065272/n04065272_22031.JPEG,1
train/n04065272/n04065272_6523.JPEG,1
train/n04065272/n04065272_14538.JPEG,1
train/n04065272/n04065272_20460.JPEG,1
train/n04065272/n04065272_15827.JPEG,1
train/n04065272/n04065272_6631.JPEG,1
train/n04065272/n04065272_18254.JPEG,1
train/n04065272/n04065272_19082.JPEG,1
train/n04065272/n04065272_31999.JPEG,1
train/n04065272/n04065272_14974.JPEG,1
train/n04065272/n04065272_658.JPEG,1
train/n04065272/n04065272_33849.JPEG,1
train/n04065272/n04065272_4475.JPEG,1
train/n04065272/n04065272_18937.JPEG,1
train/n04065272/n04065272_434.JPEG,1
train/n04065272/n04065272_4514.JPEG,1
train/n04065272/n04065272_20570.JPEG,1
train/n04065272/n04065272_19699.JPEG,1
train/n04065272/n04065272_11424.JPEG,1
train/n04065272/n04065272_5242.JPEG,1
train/n04065272/n04065272_6002.JPEG,1
train/n04065272/n04065272_2231.JPEG,1
train/n04065272/n04065272_4781.JPEG,1
train/n04065272/n04065272_8140.JPEG,1
train/n04065272/n04065272_2191.JPEG,1
train/n04065272/n04065272_14951.JPEG,1
train/n04065272/n04065272_23631.JPEG,1
train/n04065272/n04065272_1576.JPEG,1
train/n04065272/n04065272_17283.JPEG,1
train/n04065272/n04065272_21555.JPEG,1
train/n04065272/n04065272_11243.JPEG,1
train/n04065272/n04065272_8571.JPEG,1
train/n04065272/n04065272_8530.JPEG,1
train/n04065272/n04065272_13120.JPEG,1
train/n04065272/n04065272_24221.JPEG,1
train/n04065272/n04065272_19543.JPEG,1
train/n04065272/n04065272_12600.JPEG,1
train/n04065272/n04065272_19213.JPEG,1
train/n04065272/n04065272_29489.JPEG,1
train/n04065272/n04065272_18638.JPEG,1
train/n04065272/n04065272_12708.JPEG,1
train/n04065272/n04065272_21107.JPEG,1
train/n04065272/n04065272_19795.JPEG,1
train/n04065272/n04065272_17407.JPEG,1
train/n04065272/n04065272_12140.JPEG,1
train/n04065272/n04065272_13892.JPEG,1
train/n04065272/n04065272_21186.JPEG,1
train/n04065272/n04065272_21886.JPEG,1
train/n04065272/n04065272_5668.JPEG,1
train/n04065272/n04065272_21230.JPEG,1
train/n04065272/n04065272_6312.JPEG,1
train/n04065272/n04065272_7240.JPEG,1
train/n04065272/n04065272_9122.JPEG,1
train/n04065272/n04065272_693.JPEG,1
train/n04065272/n04065272_18774.JPEG,1
train/n04065272/n04065272_12015.JPEG,1
train/n04065272/n04065272_1080.JPEG,1
train/n04065272/n04065272_1831.JPEG,1
train/n04065272/n04065272_23899.JPEG,1
train/n04065272/n04065272_26884.JPEG,1
train/n04065272/n04065272_25727.JPEG,1
train/n04065272/n04065272_14032.JPEG,1
train/n04065272/n04065272_22274.JPEG,1
train/n04065272/n04065272_25182.JPEG,1
train/n04065272/n04065272_14907.JPEG,1
train/n04065272/n04065272_708.JPEG,1
train/n04065272/n04065272_32280.JPEG,1
train/n04065272/n04065272_19273.JPEG,1
train/n04065272/n04065272_19565.JPEG,1
train/n04065272/n04065272_16621.JPEG,1
train/n04065272/n04065272_24605.JPEG,1
train/n04065272/n04065272_1615.JPEG,1
train/n04065272/n04065272_4416.JPEG,1
train/n04065272/n04065272_2042.JPEG,1
train/n04065272/n04065272_18864.JPEG,1
train/n04065272/n04065272_6224.JPEG,1
train/n04065272/n04065272_20845.JPEG,1
train/n04065272/n04065272_25307.JPEG,1
train/n04065272/n04065272_4474.JPEG,1
train/n04065272/n04065272_488.JPEG,1
train/n04065272/n04065272_26979.JPEG,1
train/n04065272/n04065272_3601.JPEG,1
train/n04065272/n04065272_7790.JPEG,1
train/n04065272/n04065272_9098.JPEG,1
train/n04065272/n04065272_26838.JPEG,1
train/n04065272/n04065272_5872.JPEG,1
train/n04065272/n04065272_18776.JPEG,1
train/n04065272/n04065272_5430.JPEG,1
train/n04065272/n04065272_9380.JPEG,1
train/n04065272/n04065272_23513.JPEG,1
train/n04065272/n04065272_23767.JPEG,1
train/n04065272/n04065272_19221.JPEG,1
train/n04065272/n04065272_8640.JPEG,1
train/n04065272/n04065272_34089.JPEG,1
